rmse_rad,failure_penalized_rmse_rad,itae,peak_error_rad,torque_rms,torque_smoothness,safety_violation_rate,residual_gate_mean,completed,duration_s,return,scenario,controller,residual_bound_nm,model_seed,eval_episode
0.1787719475074826,0.1787719475074826,2.9855683878211825,0.28643677029534964,15.852142040767388,62.41127126683641,0.0,1.0,1.0,6.0,-119.44006809688094,nominal,Fuzzy-TD3 residual,6.0,0,0
0.1782197984567982,0.1782197984567982,2.9823486091745908,0.28572831697757045,15.8260121572525,65.8098122338571,0.0,1.0,1.0,6.0,-109.14106396405238,nominal,Fuzzy-TD3 residual,6.0,0,1
0.17842044912378355,0.17842044912378355,2.9839802070589965,0.28671946844349333,15.838687483823579,62.60972213058502,0.0,1.0,1.0,6.0,-108.65326076829326,nominal,Fuzzy-TD3 residual,6.0,0,2
0.17855768085412585,0.17855768085412585,2.9845833321988664,0.28658640732629775,15.82727434325352,61.810759519727654,0.0,1.0,1.0,6.0,-113.22274355549759,nominal,Fuzzy-TD3 residual,6.0,0,3
0.4408741266289501,0.4408741266289501,6.815456949436483,1.063360427931959,18.53227804683728,81.85792705987582,0.19333333333333333,1.0,1.0,6.0,-1025.7918817479635,payload_2x,Fuzzy-TD3 residual,6.0,0,0
0.43936296520112783,0.43936296520112783,6.832676337796123,1.0595482018144036,18.517951415829533,83.88954441859474,0.19333333333333333,1.0,1.0,6.0,-1012.4498401334813,payload_2x,Fuzzy-TD3 residual,6.0,0,1
0.4397032661179161,0.4397032661179161,6.803607263538411,1.0586169371304457,18.544324689088928,83.41827807305465,0.19333333333333333,1.0,1.0,6.0,-1012.1708851285678,payload_2x,Fuzzy-TD3 residual,6.0,0,2
0.43921104263020316,0.43921104263020316,6.829418637775797,1.0586385122325614,18.5226073335528,80.48281592163647,0.19333333333333333,1.0,1.0,6.0,-1015.8352977622262,payload_2x,Fuzzy-TD3 residual,6.0,0,3
0.7918850958866994,0.7918850958866994,11.810580730060009,1.886963906300172,15.516534772941577,46.10072182908963,0.29,1.0,1.0,6.0,-2648.897648961649,severe_shift,Fuzzy-TD3 residual,6.0,0,0
0.7907713644258018,0.7907713644258018,11.876991295745015,1.8818372932662981,15.5072569976747,47.61972081043704,0.29,1.0,1.0,6.0,-2643.545750487174,severe_shift,Fuzzy-TD3 residual,6.0,0,1
0.7918624338066327,0.7918624338066327,11.845769238440017,1.8840330068748068,15.512489106154796,44.61630292599738,0.2866666666666667,1.0,1.0,6.0,-2639.510629040256,severe_shift,Fuzzy-TD3 residual,6.0,0,2
0.7907745569882286,0.7907745569882286,11.878091872895075,1.8814861772217226,15.506324021283545,43.57139812295549,0.29,1.0,1.0,6.0,-2647.3347186198857,severe_shift,Fuzzy-TD3 residual,6.0,0,3
0.1476802429970535,0.1476802429970535,2.8988655476526386,0.2203711902431371,16.69367241574285,263.31937375865147,0.0,1.0,1.0,6.0,-112.87809018136024,nominal,Fuzzy-TD3 residual,6.0,1,0
0.1476701009892814,0.1476701009892814,2.8766558494601604,0.2220950421067744,16.796683045743517,265.8804303914746,0.0,1.0,1.0,6.0,-121.9123234936175,nominal,Fuzzy-TD3 residual,6.0,1,1
0.1479288638897642,0.1479288638897642,2.9003601287056746,0.22036676828559665,16.684411511341775,263.0864712251344,0.0,1.0,1.0,6.0,-114.14001080659746,nominal,Fuzzy-TD3 residual,6.0,1,2
0.14672625212434479,0.14672625212434479,2.8838613151354338,0.22095057233046564,16.72826573018543,261.357096480441,0.0,1.0,1.0,6.0,-109.67258051280247,nominal,Fuzzy-TD3 residual,6.0,1,3
0.43132606635166904,0.43132606635166904,6.372591934927289,1.0673022714804972,18.69988834265356,149.04918461637678,0.19333333333333333,1.0,1.0,6.0,-975.8348094687833,payload_2x,Fuzzy-TD3 residual,6.0,1,0
0.4284402951200673,0.4284402951200673,6.286380536985647,1.058491202453632,18.835477843334527,149.48691150420194,0.19333333333333333,1.0,1.0,6.0,-966.763793322949,payload_2x,Fuzzy-TD3 residual,6.0,1,1
0.43020533228904345,0.43020533228904345,6.354453034849308,1.0630363425165135,18.699597891070923,148.3342481233359,0.19333333333333333,1.0,1.0,6.0,-973.7030429520953,payload_2x,Fuzzy-TD3 residual,6.0,1,2
0.4304053157894007,0.4304053157894007,6.348643149404264,1.06587007462276,18.73963397862095,146.6180700007681,0.19333333333333333,1.0,1.0,6.0,-970.8056102556661,payload_2x,Fuzzy-TD3 residual,6.0,1,3
0.7769858296368273,0.7769858296368273,11.372421092115886,1.8584937268091146,15.694396601565234,90.77936878178956,0.2866666666666667,1.0,1.0,6.0,-2552.046713959586,severe_shift,Fuzzy-TD3 residual,6.0,1,0
0.7758975704704143,0.7758975704704143,11.299828849383614,1.8551428970660089,15.815868472455044,92.70981922604166,0.2866666666666667,1.0,1.0,6.0,-2545.735257387102,severe_shift,Fuzzy-TD3 residual,6.0,1,1
0.7765095398774297,0.7765095398774297,11.369709025201118,1.8565634544962129,15.68255527619583,88.58032727722806,0.2866666666666667,1.0,1.0,6.0,-2550.9056183242333,severe_shift,Fuzzy-TD3 residual,6.0,1,2
0.7762192565409123,0.7762192565409123,11.346699127511181,1.8569559744002346,15.737573287912225,89.07248427543047,0.2866666666666667,1.0,1.0,6.0,-2546.3070496110904,severe_shift,Fuzzy-TD3 residual,6.0,1,3
0.1457609532494,0.1457609532494,2.36039376259661,0.30194898710956264,16.244669480502246,86.10608734684189,0.0,1.0,1.0,6.0,-72.74741261318883,nominal,Fuzzy-TD3 residual,6.0,2,0
0.14667961338275318,0.14667961338275318,2.3597721459972654,0.3019311703172418,16.237303234014508,89.25474908043431,0.0,1.0,1.0,6.0,-76.9747752678267,nominal,Fuzzy-TD3 residual,6.0,2,1
0.14530193815091635,0.14530193815091635,2.357344581836126,0.301935502676641,16.22795033808353,85.48386958379425,0.0,1.0,1.0,6.0,-70.89016543770202,nominal,Fuzzy-TD3 residual,6.0,2,2
0.14627093387482487,0.14627093387482487,2.354132325796489,0.3018859347528882,16.16855202547474,85.46483295707368,0.0,1.0,1.0,6.0,-73.31266585060028,nominal,Fuzzy-TD3 residual,6.0,2,3
0.4740383320865166,0.4740383320865166,7.312247129089445,1.135133449965283,18.088987290285925,48.72868997932696,0.21333333333333335,1.0,1.0,6.0,-1162.1823979377245,payload_2x,Fuzzy-TD3 residual,6.0,2,0
0.4751491376920379,0.4751491376920379,7.313551687713036,1.1402309619538764,18.044135347956434,47.15495675658597,0.21666666666666667,1.0,1.0,6.0,-1168.2519166071277,payload_2x,Fuzzy-TD3 residual,6.0,2,1
0.4750851408947333,0.4750851408947333,7.32155920486473,1.1409438089666906,18.038385413318945,42.4313712899766,0.21666666666666667,1.0,1.0,6.0,-1163.8636033561218,payload_2x,Fuzzy-TD3 residual,6.0,2,2
0.4745633149364284,0.4745633149364284,7.314296023527701,1.136249368383718,18.002677086187234,44.301813427741905,0.21666666666666667,1.0,1.0,6.0,-1162.6448859992868,payload_2x,Fuzzy-TD3 residual,6.0,2,3
0.8135137276418997,0.8135137276418997,12.083876400604474,1.9488562409006196,15.18168200818595,30.34972505196356,0.2966666666666667,1.0,1.0,6.0,-2775.2145440914383,severe_shift,Fuzzy-TD3 residual,6.0,2,0
0.81454908403426,0.81454908403426,12.122867056118636,1.9513907020200052,15.148507470310449,32.828128108031926,0.29333333333333333,1.0,1.0,6.0,-2783.0663988869114,severe_shift,Fuzzy-TD3 residual,6.0,2,1
0.8134145681107348,0.8134145681107348,12.053754237916506,1.9516686176065372,15.170432363757646,30.175687339128125,0.2966666666666667,1.0,1.0,6.0,-2771.935875793746,severe_shift,Fuzzy-TD3 residual,6.0,2,2
0.8144202055757821,0.8144202055757821,12.104253197930047,1.9502009976717274,15.095955490835083,29.20758965905778,0.2966666666666667,1.0,1.0,6.0,-2772.1300470077963,severe_shift,Fuzzy-TD3 residual,6.0,2,3
0.1443154439778156,0.1443154439778156,2.9528961210987075,0.2227537067610306,16.370151102179165,65.10508192589172,0.0,1.0,1.0,6.0,-45.41289514222537,nominal,Fuzzy-TD3 residual,6.0,3,0
0.1449230576822916,0.1449230576822916,2.966299963495638,0.22272536575301927,16.454319915641058,65.45138894903924,0.0,1.0,1.0,6.0,-56.35805795609223,nominal,Fuzzy-TD3 residual,6.0,3,1
0.14396260786713666,0.14396260786713666,2.957893744134322,0.22273545230289818,16.40261119239019,64.39977454095232,0.0,1.0,1.0,6.0,-39.208209927896874,nominal,Fuzzy-TD3 residual,6.0,3,2
0.14395472275735385,0.14395472275735385,2.955551823777193,0.22274244209012387,16.429018703486417,63.027379521938926,0.0,1.0,1.0,6.0,-43.14281622497319,nominal,Fuzzy-TD3 residual,6.0,3,3
0.4164713481192168,0.4164713481192168,6.256585654138471,1.0245727270785479,18.737219635240006,41.5600540188784,0.19,1.0,1.0,6.0,-883.1617069257254,payload_2x,Fuzzy-TD3 residual,6.0,3,0
0.41864231699849774,0.41864231699849774,6.2887100552521495,1.0307055403430665,18.796004159653926,42.82842032387706,0.19,1.0,1.0,6.0,-899.5028500348641,payload_2x,Fuzzy-TD3 residual,6.0,3,1
0.4169281647338489,0.4169281647338489,6.257788062004446,1.0265582306085022,18.758325361312107,41.41121083884637,0.19,1.0,1.0,6.0,-877.9813680397597,payload_2x,Fuzzy-TD3 residual,6.0,3,2
0.416616753275421,0.416616753275421,6.2557457292112755,1.0254825777477814,18.789953790428903,39.65529343028918,0.19,1.0,1.0,6.0,-881.0957863578054,payload_2x,Fuzzy-TD3 residual,6.0,3,3
0.7761439257693289,0.7761439257693289,11.653023959476116,1.8254074340475066,15.706514879804338,90.97523518176901,0.2966666666666667,1.0,1.0,6.0,-2525.8863598304747,severe_shift,Fuzzy-TD3 residual,6.0,3,0
0.7780796118914735,0.7780796118914735,11.67856600038359,1.8309162989764989,15.75704926977075,91.57556207652779,0.2966666666666667,1.0,1.0,6.0,-2546.0562332665863,severe_shift,Fuzzy-TD3 residual,6.0,3,1
0.7763454400385134,0.7763454400385134,11.64535258941744,1.8271108558670124,15.728557161346592,90.12157887232793,0.2966666666666667,1.0,1.0,6.0,-2521.167565450956,severe_shift,Fuzzy-TD3 residual,6.0,3,2
0.7761989699203603,0.7761989699203603,11.64688713012047,1.8263792070016778,15.75962515236329,88.99970149894517,0.2966666666666667,1.0,1.0,6.0,-2524.384250534291,severe_shift,Fuzzy-TD3 residual,6.0,3,3
0.16429852146591387,0.16429852146591387,2.8613252943676883,0.27109289591318997,15.823464097614108,101.83890226411636,0.0,1.0,1.0,6.0,-86.6766856177186,nominal,Fuzzy-TD3 residual,6.0,4,0
0.16405667822372028,0.16405667822372028,2.851485176072201,0.2713120530990846,15.845912631032242,101.09645248109715,0.0,1.0,1.0,6.0,-88.39400080298901,nominal,Fuzzy-TD3 residual,6.0,4,1
0.16445832928534534,0.16445832928534534,2.8715758396843998,0.2712835316563978,15.782700906759915,106.98762898875219,0.0,1.0,1.0,6.0,-82.64643140987737,nominal,Fuzzy-TD3 residual,6.0,4,2
0.16358177515943761,0.16358177515943761,2.8567721702609497,0.2710580559284156,15.82647715564525,101.32888007312013,0.0,1.0,1.0,6.0,-80.09675143466647,nominal,Fuzzy-TD3 residual,6.0,4,3
0.44067007470979114,0.44067007470979114,6.968376949783256,1.0578582612191656,18.784118190844207,236.83653244307897,0.2,1.0,1.0,6.0,-1013.1248514313702,payload_2x,Fuzzy-TD3 residual,6.0,4,0
0.4378300240015324,0.4378300240015324,6.930618742194334,1.0495731243564372,18.832380369376036,237.622871554768,0.19666666666666666,1.0,1.0,6.0,-1007.1678974437197,payload_2x,Fuzzy-TD3 residual,6.0,4,1
0.4394808858381457,0.4394808858381457,6.96207468236117,1.054587316674407,18.746359821244695,241.6076784427378,0.19666666666666666,1.0,1.0,6.0,-1005.2243359034235,payload_2x,Fuzzy-TD3 residual,6.0,4,2
0.4402798517330698,0.4402798517330698,6.96346112914458,1.057350420028934,18.79031078122255,236.65444644448047,0.2,1.0,1.0,6.0,-1006.1895410095126,payload_2x,Fuzzy-TD3 residual,6.0,4,3
0.7858010479185216,0.7858010479185216,11.911275426731159,1.838830539204923,15.954626764259642,249.64913488230528,0.3,1.0,1.0,6.0,-2615.022688973037,severe_shift,Fuzzy-TD3 residual,6.0,4,0
0.7834004662189816,0.7834004662189816,11.879253424653465,1.8315568398842625,16.030359343071012,248.79215598820835,0.2966666666666667,1.0,1.0,6.0,-2597.245261127885,severe_shift,Fuzzy-TD3 residual,6.0,4,1
0.7845514541824806,0.7845514541824806,11.910509161076764,1.836208493152875,15.93015054078864,249.20234779013836,0.2966666666666667,1.0,1.0,6.0,-2603.8788399685504,severe_shift,Fuzzy-TD3 residual,6.0,4,2
0.7856960242798957,0.7856960242798957,11.906519482849445,1.8386253777222765,15.962147766778902,249.92213204093258,0.3,1.0,1.0,6.0,-2608.713391921703,severe_shift,Fuzzy-TD3 residual,6.0,4,3
0.11318324120211046,0.11318324120211046,2.0720511756311395,0.20907780977811444,16.725185226157596,113.53767495258614,0.0,1.0,1.0,6.0,-35.05040918346442,nominal,Fuzzy-TD3 residual,10.0,0,0
0.1148525565432587,0.1148525565432587,2.080282652846716,0.2091615579906436,16.69598686340058,116.26816397078389,0.0,1.0,1.0,6.0,-50.191874765885295,nominal,Fuzzy-TD3 residual,10.0,0,1
0.11339086319253498,0.11339086319253498,2.0739385404530126,0.20888059619134322,16.718258229908365,116.3258335659822,0.0,1.0,1.0,6.0,-35.78051989299216,nominal,Fuzzy-TD3 residual,10.0,0,2
0.11347222092622747,0.11347222092622747,2.0727531247784885,0.2093355183221872,16.712039421580897,113.79134066125322,0.0,1.0,1.0,6.0,-34.8557455810274,nominal,Fuzzy-TD3 residual,10.0,0,3
0.41658674565663706,0.41658674565663706,6.836018384921624,0.9906014198883657,19.398283434395648,102.5128221078634,0.18333333333333332,1.0,1.0,6.0,-899.0245426139406,payload_2x,Fuzzy-TD3 residual,10.0,0,0
0.4179625946476665,0.4179625946476665,6.845432246482932,0.9961335267945904,19.37354339581142,114.93806020940625,0.18333333333333332,1.0,1.0,6.0,-918.2136986585808,payload_2x,Fuzzy-TD3 residual,10.0,0,1
0.4155478646298823,0.4155478646298823,6.828729409935703,0.9869576763870151,19.38415602134632,106.43887883219952,0.18333333333333332,1.0,1.0,6.0,-904.8490487700828,payload_2x,Fuzzy-TD3 residual,10.0,0,2
0.41604381454813083,0.41604381454813083,6.827602117538539,0.9908395812679338,19.380771541060287,108.70203584889073,0.18,1.0,1.0,6.0,-897.7891746795759,payload_2x,Fuzzy-TD3 residual,10.0,0,3
0.7190768505797661,0.7190768505797661,11.19987117005107,1.7120841471587258,17.88576746749822,101.0066407899025,0.2733333333333333,1.0,1.0,6.0,-2291.9245907281243,severe_shift,Fuzzy-TD3 residual,10.0,0,0
0.7197843850393764,0.7197843850393764,11.20747973918418,1.7148284619145986,17.85439570667279,100.89345225567553,0.2733333333333333,1.0,1.0,6.0,-2309.136293236697,severe_shift,Fuzzy-TD3 residual,10.0,0,1
0.717602871584647,0.717602871584647,11.21805621762146,1.7023573205782543,17.874464240027752,103.24758673588444,0.27,1.0,1.0,6.0,-2276.118018053951,severe_shift,Fuzzy-TD3 residual,10.0,0,2
0.718009066635089,0.718009066635089,11.230810003679748,1.702534833434436,17.86684733329199,102.15006016322647,0.27666666666666667,1.0,1.0,6.0,-2284.4018180472285,severe_shift,Fuzzy-TD3 residual,10.0,0,3
0.12099250530887466,0.12099250530887466,1.9281616419229302,0.24008604664562566,16.04758145115001,51.22441344753322,0.0,1.0,1.0,6.0,-54.59748427347913,nominal,Fuzzy-TD3 residual,10.0,1,0
0.11132971892176649,0.11132971892176649,1.8293031207629722,0.230272938953843,15.955778675236537,47.47591948314862,0.0,1.0,1.0,6.0,-48.877368079752664,nominal,Fuzzy-TD3 residual,10.0,1,1
0.12727668080107016,0.12727668080107016,1.9723463686720055,0.24241195899179585,16.068719741316364,50.6119726551336,0.0,1.0,1.0,6.0,-60.22337447889613,nominal,Fuzzy-TD3 residual,10.0,1,2
0.13026339572900703,0.13026339572900703,1.9916394611131443,0.243427206849902,16.08911683933379,51.73360825284766,0.0,1.0,1.0,6.0,-64.6890130619587,nominal,Fuzzy-TD3 residual,10.0,1,3
0.4129278340599634,0.4129278340599634,6.84197472198921,0.9853386211665365,18.873934041402602,19.615865011919013,0.18333333333333332,1.0,1.0,6.0,-898.2527109410054,payload_2x,Fuzzy-TD3 residual,10.0,1,0
0.4126864663833587,0.4126864663833587,6.795106725701756,0.9875954374356049,18.782441775888877,17.46469328543126,0.18333333333333332,1.0,1.0,6.0,-898.4749428963885,payload_2x,Fuzzy-TD3 residual,10.0,1,1
0.41616226925347494,0.41616226925347494,6.901061092567297,0.9893789285222118,18.876382942777017,18.565847894721582,0.18666666666666668,1.0,1.0,6.0,-907.5849771668106,payload_2x,Fuzzy-TD3 residual,10.0,1,2
0.41674930282545564,0.41674930282545564,6.90630415757057,0.9888224439903948,18.90562988952297,22.429119291092533,0.18666666666666668,1.0,1.0,6.0,-911.1736357909276,payload_2x,Fuzzy-TD3 residual,10.0,1,3
0.7269103191344136,0.7269103191344136,10.99822724722283,1.7619019044898037,16.861040905716035,25.82458054562183,0.27,1.0,1.0,6.0,-2319.2990997073557,severe_shift,Fuzzy-TD3 residual,10.0,1,0
0.7268264240931375,0.7268264240931375,10.924568382768117,1.7649620366038576,16.774540923774385,22.865627485162676,0.2733333333333333,1.0,1.0,6.0,-2310.3491426271803,severe_shift,Fuzzy-TD3 residual,10.0,1,1
0.729121940635106,0.729121940635106,11.023140468721722,1.7686752627624778,16.85345964850882,25.141969345141753,0.27,1.0,1.0,6.0,-2329.4938054442705,severe_shift,Fuzzy-TD3 residual,10.0,1,2
0.7300799223758213,0.7300799223758213,11.040209195149803,1.7698135672205901,16.873249635665548,27.726802093646747,0.2733333333333333,1.0,1.0,6.0,-2335.8237201079596,severe_shift,Fuzzy-TD3 residual,10.0,1,3
0.13579431703618988,0.13579431703618988,2.721010567103908,0.21597832979204365,16.524842631993632,52.0701474894684,0.0,1.0,1.0,6.0,-34.51858874872002,nominal,Fuzzy-TD3 residual,10.0,2,0
0.13598386780371577,0.13598386780371577,2.722619261070019,0.21595727046175334,16.52034410879629,51.77855579286233,0.0,1.0,1.0,6.0,-38.24025103450111,nominal,Fuzzy-TD3 residual,10.0,2,1
0.13623207138337443,0.13623207138337443,2.7138909650496013,0.21627044443517282,16.4730215657972,49.229589148937514,0.0,1.0,1.0,6.0,-39.03427740892579,nominal,Fuzzy-TD3 residual,10.0,2,2
0.1370504684671989,0.1370504684671989,2.728641912208103,0.21590970429160208,16.528596918472918,49.55895889782163,0.0,1.0,1.0,6.0,-56.28880962848736,nominal,Fuzzy-TD3 residual,10.0,2,3
0.4007629077155706,0.4007629077155706,6.015826008620722,1.0080889017608492,19.27434457149096,42.95417037866253,0.18,1.0,1.0,6.0,-816.4364304433877,payload_2x,Fuzzy-TD3 residual,10.0,2,0
0.4009550305683061,0.4009550305683061,6.024923983245713,1.0102180500327709,19.248234989045525,38.76271327110497,0.18333333333333332,1.0,1.0,6.0,-812.2832696837568,payload_2x,Fuzzy-TD3 residual,10.0,2,1
0.4005218283995532,0.4005218283995532,5.999624279679739,1.0069369965425663,19.229505008389054,41.51765781863594,0.18,1.0,1.0,6.0,-820.0724485124493,payload_2x,Fuzzy-TD3 residual,10.0,2,2
0.40014831524640876,0.40014831524640876,6.016365724146644,1.0072709092116363,19.257307453296324,34.42658562507298,0.18,1.0,1.0,6.0,-834.1794472062691,payload_2x,Fuzzy-TD3 residual,10.0,2,3
0.72140637113756,0.72140637113756,10.867241176384265,1.7333161806685182,17.30033252084905,68.69076557397283,0.28,1.0,1.0,6.0,-2242.414851816869,severe_shift,Fuzzy-TD3 residual,10.0,2,0
0.7205480165720027,0.7205480165720027,10.862911409983177,1.7321906438462378,17.30088744877201,67.34085307753669,0.27666666666666667,1.0,1.0,6.0,-2233.6849599500338,severe_shift,Fuzzy-TD3 residual,10.0,2,1
0.7214376550272165,0.7214376550272165,10.854455638758939,1.7326775321614636,17.248877422448974,66.31160040740899,0.28,1.0,1.0,6.0,-2246.7906650207046,severe_shift,Fuzzy-TD3 residual,10.0,2,2
0.7196061965776519,0.7196061965776519,10.846508950620432,1.7288112627320964,17.32283155935434,65.94032356223076,0.27666666666666667,1.0,1.0,6.0,-2246.7242836549945,severe_shift,Fuzzy-TD3 residual,10.0,2,3
0.13463459254971374,0.13463459254971374,2.7240703581913275,0.2211622290606724,16.16759191823419,57.482665119209514,0.0,1.0,1.0,6.0,-44.61392979731599,nominal,Fuzzy-TD3 residual,10.0,3,0
0.13473561990961558,0.13473561990961558,2.7245128242202443,0.22116038940554447,16.172863078799352,59.21010578010009,0.0,1.0,1.0,6.0,-44.91918236425767,nominal,Fuzzy-TD3 residual,10.0,3,1
0.1345991885234973,0.1345991885234973,2.7230864351410324,0.22116645304979685,16.17801379240201,58.00386555060262,0.0,1.0,1.0,6.0,-44.14368467197397,nominal,Fuzzy-TD3 residual,10.0,3,2
0.13468918058519544,0.13468918058519544,2.7250946809698458,0.2211572311974736,16.17598265180366,58.524238789959796,0.0,1.0,1.0,6.0,-44.63237226150986,nominal,Fuzzy-TD3 residual,10.0,3,3
0.4233890634858711,0.4233890634858711,6.125708337821907,1.0484137590611666,19.11617607693441,76.39635978316367,0.19,1.0,1.0,6.0,-935.7231287447274,payload_2x,Fuzzy-TD3 residual,10.0,3,0
0.4228548772040497,0.4228548772040497,6.135006498270882,1.0458291750988218,19.13010556106277,81.74377100548188,0.19,1.0,1.0,6.0,-935.9075851653615,payload_2x,Fuzzy-TD3 residual,10.0,3,1
0.4228872876304318,0.4228872876304318,6.119427969620138,1.0471125699929642,19.123210499863085,79.86766373305363,0.19,1.0,1.0,6.0,-933.6603417208746,payload_2x,Fuzzy-TD3 residual,10.0,3,2
0.42311172642384615,0.42311172642384615,6.132648731457583,1.0470212173882214,19.13048582405813,79.85472298832036,0.19,1.0,1.0,6.0,-936.1983481861934,payload_2x,Fuzzy-TD3 residual,10.0,3,3
0.7826173620259606,0.7826173620259606,11.293953484426414,1.899620283485903,16.197807470304365,34.88702657334396,0.28,1.0,1.0,6.0,-2584.1218989772647,severe_shift,Fuzzy-TD3 residual,10.0,3,0
0.7830205796402351,0.7830205796402351,11.304342510054651,1.8991120043937575,16.184126009232113,35.97634455544192,0.28,1.0,1.0,6.0,-2586.28597724951,severe_shift,Fuzzy-TD3 residual,10.0,3,1
0.7816252727572326,0.7816252727572326,11.29190929393757,1.8967626360973284,16.216633922311456,35.86322922831387,0.2833333333333333,1.0,1.0,6.0,-2578.9890778406016,severe_shift,Fuzzy-TD3 residual,10.0,3,2
0.7830331445457259,0.7830331445457259,11.301763069055713,1.899853636314578,16.192991146411387,35.37469251139264,0.28,1.0,1.0,6.0,-2586.5005391985305,severe_shift,Fuzzy-TD3 residual,10.0,3,3
0.1599158798573719,0.1599158798573719,3.153343612130718,0.3086931527361063,16.64777184990494,27.52680833886549,0.0,1.0,1.0,6.0,-89.28566455505936,nominal,Fuzzy-TD3 residual,10.0,4,0
0.16178466914882875,0.16178466914882875,3.1689790995279954,0.30831168447673146,16.71711189837135,30.14430374837039,0.0,1.0,1.0,6.0,-103.54565985381001,nominal,Fuzzy-TD3 residual,10.0,4,1
0.16012787902890646,0.16012787902890646,3.1573611171252587,0.30852726845864825,16.65154922174364,27.99115384341533,0.0,1.0,1.0,6.0,-89.49527466281731,nominal,Fuzzy-TD3 residual,10.0,4,2
0.16016303921940211,0.16016303921940211,3.1591498345411564,0.3085118685468048,16.68906340316374,28.29411519815895,0.0,1.0,1.0,6.0,-90.30293360929541,nominal,Fuzzy-TD3 residual,10.0,4,3
0.41261661038356906,0.41261661038356906,6.169695418814679,1.007912612246319,19.290221648484426,102.53734332737514,0.18666666666666668,1.0,1.0,6.0,-889.6493644296013,payload_2x,Fuzzy-TD3 residual,10.0,4,0
0.41310780879304937,0.41310780879304937,6.193077390935128,1.0065353123225893,19.360703432376212,101.06761017834457,0.18666666666666668,1.0,1.0,6.0,-902.5444979886798,payload_2x,Fuzzy-TD3 residual,10.0,4,1
0.4132383904377207,0.4132383904377207,6.162321163693741,1.0099844592176968,19.323047110551457,107.67664389506699,0.18666666666666668,1.0,1.0,6.0,-889.8857291086985,payload_2x,Fuzzy-TD3 residual,10.0,4,2
0.4142770371154802,0.4142770371154802,6.175323756173351,1.0137420241370398,19.34317000935016,107.23041035368963,0.18666666666666668,1.0,1.0,6.0,-892.99352800108,payload_2x,Fuzzy-TD3 residual,10.0,4,3
0.7231615308240295,0.7231615308240295,10.555544800376612,1.7297566939162183,17.70431570345347,164.03179871918007,0.27666666666666667,1.0,1.0,6.0,-2303.858779765456,severe_shift,Fuzzy-TD3 residual,10.0,4,0
0.7228342207279118,0.7228342207279118,10.576554807658685,1.7273565566244624,17.78602656264995,167.2838004792561,0.27666666666666667,1.0,1.0,6.0,-2314.394637307808,severe_shift,Fuzzy-TD3 residual,10.0,4,1
0.7243476559770907,0.7243476559770907,10.540564979565694,1.7325424553955906,17.69575592437257,151.8088936694398,0.27666666666666667,1.0,1.0,6.0,-2308.1397289498964,severe_shift,Fuzzy-TD3 residual,10.0,4,2
0.7246291118583194,0.7246291118583194,10.543613279920727,1.7339966769312134,17.742642756464466,159.9684873698485,0.27666666666666667,1.0,1.0,6.0,-2311.457876277452,severe_shift,Fuzzy-TD3 residual,10.0,4,3
0.10238841718975408,0.10238841718975408,1.937293730563018,0.1980702710754002,16.441809034234677,46.59231021518108,0.0,1.0,1.0,6.0,20.83032044683939,nominal,Fuzzy-TD3 residual,14.0,0,0
0.10259008657990493,0.10259008657990493,1.9258175365579469,0.1980424872029909,16.376537441899195,45.08174863570388,0.0,1.0,1.0,6.0,15.93201039956533,nominal,Fuzzy-TD3 residual,14.0,0,1
0.10196734128670823,0.10196734128670823,1.9292997515758419,0.19804068896590638,16.416783098471893,43.362910301884135,0.0,1.0,1.0,6.0,21.188683115963958,nominal,Fuzzy-TD3 residual,14.0,0,2
0.10310760446801288,0.10310760446801288,1.9465985819530554,0.1980438081655403,16.46525176936483,47.147186033593165,0.0,1.0,1.0,6.0,19.609374045495972,nominal,Fuzzy-TD3 residual,14.0,0,3
0.4021437668126188,0.4021437668126188,6.317929027228997,0.9615573192730762,19.19598874995738,51.18491732859772,0.18666666666666668,1.0,1.0,6.0,-822.7982979057842,payload_2x,Fuzzy-TD3 residual,14.0,0,0
0.40318700734244306,0.40318700734244306,6.317803859051077,0.9641126473530582,19.12259940931403,46.017845620893425,0.18666666666666668,1.0,1.0,6.0,-830.3739457523844,payload_2x,Fuzzy-TD3 residual,14.0,0,1
0.4016728011687176,0.4016728011687176,6.296161489745519,0.9624275297656095,19.157314976959558,47.88231938741453,0.19,1.0,1.0,6.0,-820.580455978685,payload_2x,Fuzzy-TD3 residual,14.0,0,2
0.4023505120250034,0.4023505120250034,6.316721858200898,0.963943275247162,19.20007088194457,54.590509180458696,0.19,1.0,1.0,6.0,-823.9066592291646,payload_2x,Fuzzy-TD3 residual,14.0,0,3
0.7007011133409353,0.7007011133409353,10.705086540407926,1.701849509290848,17.740496790961732,32.312893308076895,0.2733333333333333,1.0,1.0,6.0,-2156.518542123902,severe_shift,Fuzzy-TD3 residual,14.0,0,0
0.7018791597962991,0.7018791597962991,10.696498696418654,1.706348146171653,17.664580903534098,28.919699634226053,0.2733333333333333,1.0,1.0,6.0,-2167.0504655043096,severe_shift,Fuzzy-TD3 residual,14.0,0,1
0.7000977779670655,0.7000977779670655,10.69698725624303,1.6997949063586821,17.717783019649207,27.1888673289268,0.2733333333333333,1.0,1.0,6.0,-2159.880535917019,severe_shift,Fuzzy-TD3 residual,14.0,0,2
0.7003172893848705,0.7003172893848705,10.710729379479897,1.7006618926649448,17.764016974660752,31.25551309768152,0.27666666666666667,1.0,1.0,6.0,-2161.447248825782,severe_shift,Fuzzy-TD3 residual,14.0,0,3
0.10219640685274808,0.10219640685274808,1.880495128026892,0.16972536779828418,16.470728424260578,58.46315891979072,0.0,1.0,1.0,6.0,-40.16992170863778,nominal,Fuzzy-TD3 residual,14.0,1,0
0.09948358707202525,0.09948358707202525,1.8707583250349233,0.1697081744190648,16.46295695997137,53.1590538611423,0.0,1.0,1.0,6.0,-26.349658451062346,nominal,Fuzzy-TD3 residual,14.0,1,1
0.09922335291983204,0.09922335291983204,1.8686663280679974,0.16972264206417248,16.43830030663733,53.02679022269566,0.0,1.0,1.0,6.0,-26.7982473767336,nominal,Fuzzy-TD3 residual,14.0,1,2
0.09919062328682421,0.09919062328682421,1.8685579495760782,0.16973465379530728,16.453086628078324,53.14537993065886,0.0,1.0,1.0,6.0,-25.91700195543735,nominal,Fuzzy-TD3 residual,14.0,1,3
0.36523598943388746,0.36523598943388746,5.640036194315618,0.9006249122856531,19.55889830155552,23.39170896896641,0.16333333333333333,1.0,1.0,6.0,-714.192834697996,payload_2x,Fuzzy-TD3 residual,14.0,1,0
0.3663178115936421,0.3663178115936421,5.635296959491922,0.90317992939183,19.569358260834154,19.89299281014106,0.16666666666666666,1.0,1.0,6.0,-713.6341225114932,payload_2x,Fuzzy-TD3 residual,14.0,1,1
0.3652857023960418,0.3652857023960418,5.629780913888006,0.9010555676539093,19.544540449157534,19.824384793354458,0.16666666666666666,1.0,1.0,6.0,-703.5938176917206,payload_2x,Fuzzy-TD3 residual,14.0,1,2
0.3663153292489361,0.3663153292489361,5.634003615800751,0.9042581032448221,19.551032025083828,19.91399014335402,0.16666666666666666,1.0,1.0,6.0,-713.2499193988941,payload_2x,Fuzzy-TD3 residual,14.0,1,3
0.6685893189109305,0.6685893189109305,9.645635291892463,1.637044712382394,18.51038217003866,35.68678296774424,0.25666666666666665,1.0,1.0,6.0,-2054.346954768166,severe_shift,Fuzzy-TD3 residual,14.0,1,0
0.6692793550901346,0.6692793550901346,9.607523100835374,1.640671360430873,18.531354871867705,28.659538349901002,0.25666666666666665,1.0,1.0,6.0,-2046.9512459961,severe_shift,Fuzzy-TD3 residual,14.0,1,1
0.6685519932092242,0.6685519932092242,9.611840243703455,1.6371992548632652,18.505171009502895,27.88928547150741,0.25666666666666665,1.0,1.0,6.0,-2044.136019409356,severe_shift,Fuzzy-TD3 residual,14.0,1,2
0.6692746351944188,0.6692746351944188,9.613577086522778,1.6419484966440292,18.51079714614397,28.39897226257468,0.26,1.0,1.0,6.0,-2046.7260825524627,severe_shift,Fuzzy-TD3 residual,14.0,1,3
0.1196888091869392,0.1196888091869392,2.1766067674942846,0.23545029309149526,16.23036414779111,121.79586373298633,0.0,1.0,1.0,6.0,3.2444508968860646,nominal,Fuzzy-TD3 residual,14.0,2,0
0.12077787239614356,0.12077787239614356,2.1831081479344854,0.23539523066907483,16.25572394848908,123.12216516117782,0.0,1.0,1.0,6.0,-2.7663376379384883,nominal,Fuzzy-TD3 residual,14.0,2,1
0.12017360679647798,0.12017360679647798,2.180028408760045,0.2354203307608551,16.24329431305857,122.27584019493146,0.0,1.0,1.0,6.0,-0.6332718924566204,nominal,Fuzzy-TD3 residual,14.0,2,2
0.12072802413950787,0.12072802413950787,2.183781987750695,0.23537994535756562,16.24680048284199,121.9574973482399,0.0,1.0,1.0,6.0,-3.1995535553700987,nominal,Fuzzy-TD3 residual,14.0,2,3
0.38308514355975853,0.38308514355975853,5.635018228685259,0.9615345182408321,19.428445339614356,20.791668102005353,0.17,1.0,1.0,6.0,-752.3985786505413,payload_2x,Fuzzy-TD3 residual,14.0,2,0
0.3839210893021413,0.3839210893021413,5.6498709338073985,0.9643190937108768,19.442309742380377,21.053940057480645,0.17,1.0,1.0,6.0,-759.5638552406854,payload_2x,Fuzzy-TD3 residual,14.0,2,1
0.3833974955597491,0.3833974955597491,5.642403764926453,0.9644323935945563,19.42588055598715,20.383834627116432,0.17,1.0,1.0,6.0,-756.0727187152104,payload_2x,Fuzzy-TD3 residual,14.0,2,2
0.38301152088930657,0.38301152088930657,5.636552277013084,0.9604068641291367,19.447004606179508,20.83418700358424,0.17,1.0,1.0,6.0,-757.7815665024758,payload_2x,Fuzzy-TD3 residual,14.0,2,3
0.6970875647150957,0.6970875647150957,10.322240270221297,1.699700749104184,17.985113149946454,108.63485426888919,0.27,1.0,1.0,6.0,-2124.288695342827,severe_shift,Fuzzy-TD3 residual,14.0,2,0
0.6972932650749751,0.6972932650749751,10.32672299504914,1.7016299615036863,18.003091815487707,107.69466998080027,0.27,1.0,1.0,6.0,-2129.4696851807685,severe_shift,Fuzzy-TD3 residual,14.0,2,1
0.6967623253334677,0.6967623253334677,10.317452926375767,1.7007080391712655,17.984727606805595,102.10230387756916,0.27,1.0,1.0,6.0,-2124.9424687882765,severe_shift,Fuzzy-TD3 residual,14.0,2,2
0.6968338139878294,0.6968338139878294,10.32689978060791,1.6978974040113353,18.012923883578633,111.69947071155902,0.27,1.0,1.0,6.0,-2129.1588101513225,severe_shift,Fuzzy-TD3 residual,14.0,2,3
0.15698460300032865,0.15698460300032865,3.0748499726222778,0.27196201606197556,16.900918495370483,155.80243714422025,0.0,1.0,1.0,6.0,-110.47802867423967,nominal,Fuzzy-TD3 residual,14.0,3,0
0.15486656479167005,0.15486656479167005,3.0495829966300625,0.272061987412529,16.870168332972103,163.08081050488465,0.0,1.0,1.0,6.0,-111.15845767553421,nominal,Fuzzy-TD3 residual,14.0,3,1
0.16028652802094995,0.16028652802094995,3.1031774636705753,0.2717715543089906,16.95363806446971,158.53054941218,0.0,1.0,1.0,6.0,-114.47761360892228,nominal,Fuzzy-TD3 residual,14.0,3,2
0.16560527757592994,0.16560527757592994,3.141865801174296,0.2715851139987363,17.019822836796834,156.33246142304176,0.0,1.0,1.0,6.0,-125.05519451888257,nominal,Fuzzy-TD3 residual,14.0,3,3
0.39394557471376085,0.39394557471376085,6.196853089143352,0.9574724402055907,19.570574959640588,33.99831197503373,0.17666666666666667,1.0,1.0,6.0,-820.5720578027953,payload_2x,Fuzzy-TD3 residual,14.0,3,0
0.3915469248324859,0.3915469248324859,6.131865466294506,0.9547032031390417,19.54201477066396,37.91725538980597,0.17666666666666667,1.0,1.0,6.0,-816.4278754748464,payload_2x,Fuzzy-TD3 residual,14.0,3,1
0.3940607872025378,0.3940607872025378,6.2296874353693115,0.9519866050290298,19.639562051986225,37.11807431144207,0.17666666666666667,1.0,1.0,6.0,-813.9657435685143,payload_2x,Fuzzy-TD3 residual,14.0,3,2
0.3972445771248366,0.3972445771248366,6.305172846965239,0.9519242595772913,19.705696356068106,37.850282573646474,0.17666666666666667,1.0,1.0,6.0,-837.8733598335103,payload_2x,Fuzzy-TD3 residual,14.0,3,3
0.6851157759012063,0.6851157759012063,10.480318834213241,1.6519747645505671,18.455283371740904,79.72316779716847,0.2633333333333333,1.0,1.0,6.0,-2152.4132192429875,severe_shift,Fuzzy-TD3 residual,14.0,3,0
0.6840169791603323,0.6840169791603323,10.426669498191083,1.6499864830695363,18.403074484837425,82.03287300773424,0.26666666666666666,1.0,1.0,6.0,-2148.7805416566853,severe_shift,Fuzzy-TD3 residual,14.0,3,1
0.683792870014533,0.683792870014533,10.500083350699873,1.6440083970966566,18.53756141121923,77.68962432887652,0.2633333333333333,1.0,1.0,6.0,-2140.25955705318,severe_shift,Fuzzy-TD3 residual,14.0,3,2
0.684778075729734,0.684778075729734,10.561174777697582,1.6422741593658017,18.629942856601623,84.59606463446937,0.26666666666666666,1.0,1.0,6.0,-2150.7367817961235,severe_shift,Fuzzy-TD3 residual,14.0,3,3
0.20083144672664424,0.20083144672664424,2.4613524970513665,0.4825366626564594,15.469300340493707,168.4439946988293,0.0,1.0,1.0,6.0,-170.80322380013158,nominal,Fuzzy-TD3 residual,14.0,4,0
0.16863659629057481,0.16863659629057481,2.1774238798040257,0.4257808682295972,15.830386328976116,197.57574671972029,0.0,1.0,1.0,6.0,-106.96393088423575,nominal,Fuzzy-TD3 residual,14.0,4,1
0.1731254844681964,0.1731254844681964,2.226154517464777,0.43444635069298504,15.770473989725827,174.94514635847776,0.0,1.0,1.0,6.0,-112.76984523389845,nominal,Fuzzy-TD3 residual,14.0,4,2
0.14405167229128032,0.14405167229128032,1.9674882694478173,0.3758992558028113,16.093540031186055,181.01223649794494,0.0,1.0,1.0,6.0,-82.05612887166434,nominal,Fuzzy-TD3 residual,14.0,4,3
0.46066056930394433,0.46066056930394433,7.142330622122485,1.0767801971605906,18.54311061818762,191.04542383079777,0.18666666666666668,1.0,1.0,6.0,-1162.4316269949202,payload_2x,Fuzzy-TD3 residual,14.0,4,0
0.44256910611878736,0.44256910611878736,6.888582884966117,1.055103187494141,18.836099390956527,166.71974337868076,0.18333333333333332,1.0,1.0,6.0,-1057.5084370316529,payload_2x,Fuzzy-TD3 residual,14.0,4,1
0.4466634489240788,0.4466634489240788,6.957256608622959,1.0613243794174123,18.749986341724394,147.1536564308918,0.18666666666666668,1.0,1.0,6.0,-1070.9799706203826,payload_2x,Fuzzy-TD3 residual,14.0,4,2
0.43109958821081756,0.43109958821081756,6.67080100692233,1.041915508167115,19.090525845011896,135.0089099551322,0.18333333333333332,1.0,1.0,6.0,-1012.9310061577904,payload_2x,Fuzzy-TD3 residual,14.0,4,3
0.8044908488483418,0.8044908488483418,12.19403383545548,1.9103761623984354,15.906050179046005,102.55500567149528,0.2866666666666667,1.0,1.0,6.0,-2836.8005508315514,severe_shift,Fuzzy-TD3 residual,14.0,4,0
0.788378115505455,0.788378115505455,11.946939425993223,1.888495603305455,16.323445886928095,128.4144786955539,0.2833333333333333,1.0,1.0,6.0,-2718.869039361459,severe_shift,Fuzzy-TD3 residual,14.0,4,1
0.7922257711849143,0.7922257711849143,11.961260018600782,1.8967901895691959,16.252636867109032,119.93123715069407,0.2833333333333333,1.0,1.0,6.0,-2742.063003270757,severe_shift,Fuzzy-TD3 residual,14.0,4,2
0.7733079491212101,0.7733079491212101,11.618839769237594,1.862934304204266,16.78514236605487,129.74703231644258,0.2833333333333333,1.0,1.0,6.0,-2640.7742513320327,severe_shift,Fuzzy-TD3 residual,14.0,4,3
0.12200493978458231,0.12200493978458231,2.4753987854362127,0.19752941350835548,16.57920971671922,61.995703273298304,0.0,1.0,1.0,6.0,-52.33017389326879,nominal,Fuzzy-TD3 residual,18.0,0,0
0.1220031405837248,0.1220031405837248,2.472160669323016,0.19752895451069383,16.508072029513084,60.55732959055622,0.0,1.0,1.0,6.0,-51.053072930225134,nominal,Fuzzy-TD3 residual,18.0,0,1
0.12140511178124512,0.12140511178124512,2.4718304797634634,0.1975294329417598,16.56906944288418,61.70960056018936,0.0,1.0,1.0,6.0,-46.028334120179714,nominal,Fuzzy-TD3 residual,18.0,0,2
0.12101588033268469,0.12101588033268469,2.4683646995734527,0.19752901770980336,16.529096669990352,59.235678156591675,0.0,1.0,1.0,6.0,-43.10439918576691,nominal,Fuzzy-TD3 residual,18.0,0,3
0.3745230734367614,0.3745230734367614,5.647035555571172,0.9509404588833767,19.826595531849357,53.07452673313837,0.16333333333333333,1.0,1.0,6.0,-812.5389218534082,payload_2x,Fuzzy-TD3 residual,18.0,0,0
0.3734045218111642,0.3734045218111642,5.624450267992661,0.946916653059008,19.758303541876437,51.05839620989679,0.16333333333333333,1.0,1.0,6.0,-801.8655859734969,payload_2x,Fuzzy-TD3 residual,18.0,0,1
0.3737661320108172,0.3737661320108172,5.625331467280136,0.9453749701108676,19.790832842047713,42.418729741025686,0.16666666666666666,1.0,1.0,6.0,-774.0116345772329,payload_2x,Fuzzy-TD3 residual,18.0,0,2
0.374145789915164,0.374145789915164,5.637163033838792,0.9508831116396056,19.78131564000301,49.983310609387466,0.16333333333333333,1.0,1.0,6.0,-803.0376610219208,payload_2x,Fuzzy-TD3 residual,18.0,0,3
0.6812412520491571,0.6812412520491571,9.855822584704026,1.7076512996023487,18.929860173365377,70.0359231454997,0.25333333333333335,1.0,1.0,6.0,-2234.8619534531767,severe_shift,Fuzzy-TD3 residual,18.0,0,0
0.6814155431989113,0.6814155431989113,9.840461571386179,1.7073348708901706,18.86819953558482,70.37483535030428,0.25,1.0,1.0,6.0,-2231.95110680574,severe_shift,Fuzzy-TD3 residual,18.0,0,1
0.6830728519419424,0.6830728519419424,9.863244197607449,1.7108959159284414,18.932829174428566,69.7440724782336,0.25,1.0,1.0,6.0,-2231.0181407540576,severe_shift,Fuzzy-TD3 residual,18.0,0,2
0.6811328250924604,0.6811328250924604,9.844537598123946,1.7078473669302465,18.88930073388608,69.20870430516632,0.25,1.0,1.0,6.0,-2222.8658867375107,severe_shift,Fuzzy-TD3 residual,18.0,0,3
0.1428898358328356,0.1428898358328356,2.73162156022043,0.2404636369714562,16.19766466132603,77.14496619322662,0.0,1.0,1.0,6.0,-51.3180447588122,nominal,Fuzzy-TD3 residual,18.0,1,0
0.14345314803714262,0.14345314803714262,2.736836209010748,0.24046326388110337,16.219874070923215,78.15618022964063,0.0,1.0,1.0,6.0,-56.83462100402318,nominal,Fuzzy-TD3 residual,18.0,1,1
0.14266318058280186,0.14266318058280186,2.731168676506113,0.24046365183797194,16.209285598667282,77.74482161793489,0.0,1.0,1.0,6.0,-47.841340630780266,nominal,Fuzzy-TD3 residual,18.0,1,2
0.14296189847590088,0.14296189847590088,2.734050585195471,0.24046293535568689,16.18928047976466,76.19363142747811,0.0,1.0,1.0,6.0,-50.563721162720434,nominal,Fuzzy-TD3 residual,18.0,1,3
0.3899218531946892,0.3899218531946892,6.021682297732203,0.9766987105278307,19.05744438098142,22.007382076179418,0.16666666666666666,1.0,1.0,6.0,-807.4471394891985,payload_2x,Fuzzy-TD3 residual,18.0,1,0
0.38920621353803225,0.38920621353803225,6.029201279462425,0.9729018551391957,19.087594877812002,22.38179764516899,0.17,1.0,1.0,6.0,-810.945285874364,payload_2x,Fuzzy-TD3 residual,18.0,1,1
0.3889702269781088,0.3889702269781088,6.023933320398979,0.9728051628181557,19.077299126055603,21.906727608138166,0.17,1.0,1.0,6.0,-802.0879205532436,payload_2x,Fuzzy-TD3 residual,18.0,1,2
0.38914332510687333,0.38914332510687333,6.026020328513887,0.9724246983649658,19.059034432202438,19.93484336971267,0.17,1.0,1.0,6.0,-812.9515167989392,payload_2x,Fuzzy-TD3 residual,18.0,1,3
0.6691377739872557,0.6691377739872557,9.690884754663719,1.7062535052212064,18.21348059042069,36.846533702493225,0.25,1.0,1.0,6.0,-2086.5174185164465,severe_shift,Fuzzy-TD3 residual,18.0,1,0
0.6674092726722071,0.6674092726722071,9.672974817656879,1.6985735119984344,18.26227293665568,37.031902941284734,0.25,1.0,1.0,6.0,-2080.600378291819,severe_shift,Fuzzy-TD3 residual,18.0,1,1
0.6673124098578842,0.6673124098578842,9.666595624740491,1.698646598269233,18.25230660444411,36.512702445934316,0.25,1.0,1.0,6.0,-2072.086191754475,severe_shift,Fuzzy-TD3 residual,18.0,1,2
0.6676741404267683,0.6676741404267683,9.66933433247899,1.6992775638267015,18.232037508142838,34.67146302476549,0.25,1.0,1.0,6.0,-2076.6274235669102,severe_shift,Fuzzy-TD3 residual,18.0,1,3
0.0661006972918606,0.0661006972918606,1.0562444800215627,0.11441757142144648,16.524588916849957,42.54191743026007,0.0,1.0,1.0,6.0,41.17312556292311,nominal,Fuzzy-TD3 residual,18.0,2,0
0.06557509792207501,0.06557509792207501,1.0536149673539317,0.11293326237327567,16.5076732799175,41.0934152141325,0.0,1.0,1.0,6.0,41.94650375235916,nominal,Fuzzy-TD3 residual,18.0,2,1
0.07197228842488083,0.07197228842488083,1.0865613385813586,0.12932975527174173,16.553729608156253,41.85684005044978,0.0,1.0,1.0,6.0,32.85360267417757,nominal,Fuzzy-TD3 residual,18.0,2,2
0.07296405995702823,0.07296405995702823,1.076300578910965,0.13373701472700442,16.567692629804334,33.45392841691161,0.0,1.0,1.0,6.0,28.293771191226185,nominal,Fuzzy-TD3 residual,18.0,2,3
0.415616826827809,0.415616826827809,6.277244876401313,1.020087886918658,19.850551610803972,46.057236789947325,0.19,1.0,1.0,6.0,-937.6183739838928,payload_2x,Fuzzy-TD3 residual,18.0,2,0
0.4160300677469499,0.4160300677469499,6.278173990557867,1.021506577410965,19.835471677771014,45.57478231268211,0.19,1.0,1.0,6.0,-938.3838264452196,payload_2x,Fuzzy-TD3 residual,18.0,2,1
0.41538995524609523,0.41538995524609523,6.300236004352743,1.0157965874304122,19.874405688920692,43.99866644911093,0.19,1.0,1.0,6.0,-942.4635446768158,payload_2x,Fuzzy-TD3 residual,18.0,2,2
0.416592245620821,0.416592245620821,6.3143470318755135,1.0166381920278809,19.90183785418693,47.99677039640212,0.18666666666666668,1.0,1.0,6.0,-948.0149443878103,payload_2x,Fuzzy-TD3 residual,18.0,2,3
0.7014983475099881,0.7014983475099881,10.168005025874773,1.704763910996232,18.786846782847473,196.54869514073033,0.27666666666666667,1.0,1.0,6.0,-2264.2969754593246,severe_shift,Fuzzy-TD3 residual,18.0,2,0
0.7018314720553187,0.7018314720553187,10.163201708103955,1.7062336447283182,18.76547907680583,195.01408721069615,0.27666666666666667,1.0,1.0,6.0,-2265.653502180416,severe_shift,Fuzzy-TD3 residual,18.0,2,1
0.70081967021563,0.70081967021563,10.186325260212675,1.7022929564940497,18.79730992406784,193.4373446471203,0.2733333333333333,1.0,1.0,6.0,-2256.148643045269,severe_shift,Fuzzy-TD3 residual,18.0,2,2
0.7013094616813506,0.7013094616813506,10.185772376828337,1.7023148399341947,18.848198061015832,198.7471368672151,0.2733333333333333,1.0,1.0,6.0,-2265.3323857723044,severe_shift,Fuzzy-TD3 residual,18.0,2,3
0.2764912524300512,0.2764912524300512,5.555298401021286,0.47606335949299183,16.863895247123352,36.83310101297961,0.0,1.0,1.0,6.0,-282.64532426543644,nominal,Fuzzy-TD3 residual,18.0,3,0
0.27608007885530184,0.27608007885530184,5.552631487166173,0.4760645357205079,16.8248988196395,40.43058813340164,0.0,1.0,1.0,6.0,-279.5792404155279,nominal,Fuzzy-TD3 residual,18.0,3,1
0.2758926912198113,0.2758926912198113,5.550640701729396,0.4760649603570844,16.80077185836248,39.05779620485648,0.0,1.0,1.0,6.0,-277.9924314745165,nominal,Fuzzy-TD3 residual,18.0,3,2
0.27577089724894643,0.27577089724894643,5.5478044116618355,0.47606995545019704,16.843547628559815,38.65991086632658,0.0,1.0,1.0,6.0,-276.7509326285961,nominal,Fuzzy-TD3 residual,18.0,3,3
0.3845869047721053,0.3845869047721053,6.284195114224766,0.8959495062511825,19.730837182412884,37.17325593751847,0.18,1.0,1.0,6.0,-800.1934917329846,payload_2x,Fuzzy-TD3 residual,18.0,3,0
0.3859639993822782,0.3859639993822782,6.304668326380594,0.8995894586373392,19.6967771419551,42.2496093669988,0.18333333333333332,1.0,1.0,6.0,-801.2974767253919,payload_2x,Fuzzy-TD3 residual,18.0,3,1
0.3852402990402932,0.3852402990402932,6.292546016900715,0.8999528885667084,19.665831543373322,46.47035203813605,0.18,1.0,1.0,6.0,-797.9624038192458,payload_2x,Fuzzy-TD3 residual,18.0,3,2
0.3844225779482642,0.3844225779482642,6.279833883325266,0.896909736643172,19.696299199841167,42.16885879459341,0.18,1.0,1.0,6.0,-795.1201902831918,payload_2x,Fuzzy-TD3 residual,18.0,3,3
0.6515616835323109,0.6515616835323109,9.771394537305001,1.6236116859501888,19.354095937987925,46.267024515387035,0.24666666666666667,1.0,1.0,6.0,-2006.844097594568,severe_shift,Fuzzy-TD3 residual,18.0,3,0
0.6527970318909561,0.6527970318909561,9.79951432887162,1.6283700557229295,19.312395543183175,50.06087382674346,0.24666666666666667,1.0,1.0,6.0,-2010.6521553169114,severe_shift,Fuzzy-TD3 residual,18.0,3,1
0.6522744085298521,0.6522744085298521,9.797223833683452,1.627339063231718,19.276200679328106,48.14292964769132,0.24666666666666667,1.0,1.0,6.0,-2006.672749498334,severe_shift,Fuzzy-TD3 residual,18.0,3,2
0.6516617278035518,0.6516617278035518,9.775971293750844,1.6254253399958847,19.312179668019848,47.20894267305355,0.24666666666666667,1.0,1.0,6.0,-2002.723954466729,severe_shift,Fuzzy-TD3 residual,18.0,3,3
0.14129503506223182,0.14129503506223182,2.8064072336539265,0.28452210329166233,16.291041964132397,23.165458849469026,0.0,1.0,1.0,6.0,-68.58583933827545,nominal,Fuzzy-TD3 residual,18.0,4,0
0.14269599928015037,0.14269599928015037,2.8102804019216805,0.28452351438709844,16.339752168592835,22.646666478538034,0.0,1.0,1.0,6.0,-70.61359214235377,nominal,Fuzzy-TD3 residual,18.0,4,1
0.1405553808862736,0.1405553808862736,2.7994498618639403,0.28452581118483905,16.276587631679305,26.53382521352989,0.0,1.0,1.0,6.0,-66.99023315763107,nominal,Fuzzy-TD3 residual,18.0,4,2
0.1409586114412739,0.1409586114412739,2.8033994270448064,0.2845236369532517,16.289388560236954,23.27790848243787,0.0,1.0,1.0,6.0,-68.1405206387197,nominal,Fuzzy-TD3 residual,18.0,4,3
0.4013014269265464,0.4013014269265464,5.907040977960045,1.0043032925107351,19.716433892253058,122.99587648029372,0.18,1.0,1.0,6.0,-964.8261639422784,payload_2x,Fuzzy-TD3 residual,18.0,4,0
0.40336317132450467,0.40336317132450467,5.907411340474924,1.0097594820174034,19.78411707584925,122.59869294041151,0.17666666666666667,1.0,1.0,6.0,-973.5916207766459,payload_2x,Fuzzy-TD3 residual,18.0,4,1
0.40261972197172935,0.40261972197172935,5.898675728896754,1.0098019244503256,19.718538734589153,126.8465929359267,0.17666666666666667,1.0,1.0,6.0,-969.5082447179611,payload_2x,Fuzzy-TD3 residual,18.0,4,2
0.40133166598547493,0.40133166598547493,5.900839995764996,1.0044206358673513,19.722378515533542,122.94670001091266,0.18,1.0,1.0,6.0,-965.3894677298588,payload_2x,Fuzzy-TD3 residual,18.0,4,3
0.6803929858662965,0.6803929858662965,9.69582657539159,1.6916128960492052,19.008217166488617,250.68922410118589,0.25,1.0,1.0,6.0,-2194.6887199910993,severe_shift,Fuzzy-TD3 residual,18.0,4,0
0.682531917264762,0.682531917264762,9.714391596069088,1.699305881741615,19.031032494368375,238.5739269648358,0.25,1.0,1.0,6.0,-2207.105784204165,severe_shift,Fuzzy-TD3 residual,18.0,4,1
0.681985163332623,0.681985163332623,9.703041825523304,1.6990220449042759,18.97431622544998,243.58564742715288,0.25,1.0,1.0,6.0,-2202.094070345705,severe_shift,Fuzzy-TD3 residual,18.0,4,2
0.6807160132938275,0.6807160132938275,9.69667403899038,1.6946036158075406,19.001338916612823,244.8252635605318,0.25,1.0,1.0,6.0,-2195.3028916231156,severe_shift,Fuzzy-TD3 residual,18.0,4,3
0.029681779214817558,0.029681779214817558,0.3187739994246977,0.07009691830818425,15.996519069054287,33.71862329256647,0.0,1.0,1.0,6.0,129.47576294470218,nominal,Fuzzy only,0.0,0,0
0.02698974060898367,0.02698974060898367,0.3169202417151633,0.05416082873344185,15.996097965191971,33.38486907192758,0.0,1.0,1.0,6.0,132.4435399805293,nominal,Fuzzy only,0.0,0,1
0.029128948089226045,0.029128948089226045,0.3245656239568273,0.05655472110582938,15.993025863401087,34.29298030803068,0.0,1.0,1.0,6.0,125.01093615927343,nominal,Fuzzy only,0.0,0,2
0.03389768688385862,0.03389768688385862,0.3346103408318539,0.07846440150400334,16.00628480767791,33.893690584397085,0.0,1.0,1.0,6.0,110.92664199569013,nominal,Fuzzy only,0.0,0,3
0.028155290615487216,0.028155290615487216,0.3186749010721899,0.05406834944531428,15.994558507012389,35.05672029337345,0.0,1.0,1.0,6.0,132.25364382448643,nominal,Fuzzy only,0.0,1,0
0.026799308289397476,0.026799308289397476,0.31571020466435396,0.054045072684194846,15.999462128678763,34.057885926844065,0.0,1.0,1.0,6.0,132.92432241042536,nominal,Fuzzy only,0.0,1,1
0.029127480140389288,0.029127480140389288,0.3242836470875735,0.05617476912631808,15.992751175223852,36.04552838040974,0.0,1.0,1.0,6.0,125.46613828780576,nominal,Fuzzy only,0.0,1,2
0.028872309397680065,0.028872309397680065,0.3210760208585719,0.05426400964138232,15.974132082414997,35.856544410806634,0.0,1.0,1.0,6.0,131.6447037674941,nominal,Fuzzy only,0.0,1,3
0.034878640871363914,0.034878640871363914,0.3227301610154021,0.10502279838492623,15.96844089880944,31.717501991361107,0.0,1.0,1.0,6.0,123.45095672404285,nominal,Fuzzy only,0.0,2,0
0.026953061339845617,0.026953061339845617,0.3174198455336624,0.05423932773995443,15.988428820043033,34.20476461577595,0.0,1.0,1.0,6.0,132.44622454624604,nominal,Fuzzy only,0.0,2,1
0.025948126114204884,0.025948126114204884,0.31350741844341334,0.05369986920175791,16.003925585689725,36.03686862132095,0.0,1.0,1.0,6.0,133.1113138236673,nominal,Fuzzy only,0.0,2,2
0.02991856590193976,0.02991856590193976,0.3162849212737945,0.08386179105239476,16.01520147256256,33.214987975202725,0.0,1.0,1.0,6.0,129.3800072753958,nominal,Fuzzy only,0.0,2,3
0.031159392665248732,0.031159392665248732,0.32141830115470993,0.07638149575723553,15.978301644296085,34.842571074916115,0.0,1.0,1.0,6.0,124.69588067749176,nominal,Fuzzy only,0.0,3,0
0.026662719308586,0.026662719308586,0.31587533529245226,0.05441230265843022,16.009165099464244,33.73523689698473,0.0,1.0,1.0,6.0,131.98729046260303,nominal,Fuzzy only,0.0,3,1
0.026701090126882845,0.026701090126882845,0.31518317062372514,0.05332256923819693,15.99452527359865,35.06520680615383,0.0,1.0,1.0,6.0,134.4896069026952,nominal,Fuzzy only,0.0,3,2
0.027495551049213567,0.027495551049213567,0.3163209244982196,0.053448430702598436,16.008292323195075,34.902083461196405,0.0,1.0,1.0,6.0,133.30963589256498,nominal,Fuzzy only,0.0,3,3
0.03013542997142441,0.03013542997142441,0.32656718940049745,0.056945423625242055,16.00167233034738,36.3084605135002,0.0,1.0,1.0,6.0,121.7269379993474,nominal,Fuzzy only,0.0,4,0
0.033913130159238185,0.033913130159238185,0.33316158434331555,0.09549043399267038,15.992895748503093,36.40079231026413,0.0,1.0,1.0,6.0,112.27740739139551,nominal,Fuzzy only,0.0,4,1
0.029506816432958518,0.029506816432958518,0.3225350684466798,0.06756442421275018,16.006498484524016,33.83208736468367,0.0,1.0,1.0,6.0,124.3468389496321,nominal,Fuzzy only,0.0,4,2
0.02753263292523107,0.02753263292523107,0.3192732710209766,0.0545121073737971,15.98570622265614,36.23267125721522,0.0,1.0,1.0,6.0,130.79611277912068,nominal,Fuzzy only,0.0,4,3
0.5180046812757607,0.5180046812757607,8.185645749501749,1.1615170625268993,17.014573044286273,28.847355896096204,0.25666666666666665,1.0,1.0,6.0,-1289.229108975233,payload_2x,Fuzzy only,0.0,0,0
0.5194327594504572,0.5194327594504572,8.203290246483093,1.1647417146957169,17.003793170582245,28.699692970799298,0.26,1.0,1.0,6.0,-1291.3498196911676,payload_2x,Fuzzy only,0.0,0,1
0.5194195547764399,0.5194195547764399,8.209506627386503,1.1644522863234814,17.001072976306023,29.342308036205676,0.26,1.0,1.0,6.0,-1298.356543150215,payload_2x,Fuzzy only,0.0,0,2
0.5184469678710626,0.5184469678710626,8.205602000608032,1.1620702912472267,17.021470122067925,28.952047090119684,0.25666666666666665,1.0,1.0,6.0,-1308.3460755482622,payload_2x,Fuzzy only,0.0,0,3
0.5184053370981917,0.5184053370981917,8.190061823824513,1.1621564274058853,17.011693300215423,30.180308108188342,0.25666666666666665,1.0,1.0,6.0,-1288.0231226091155,payload_2x,Fuzzy only,0.0,1,0
0.5189010995003969,0.5189010995003969,8.19490542690133,1.1634915257571168,17.01134989973099,29.1686194021754,0.25666666666666665,1.0,1.0,6.0,-1289.1823507006177,payload_2x,Fuzzy only,0.0,1,1
0.5208505988346616,0.5208505988346616,8.232851045125475,1.1686845793052965,16.978253066410495,31.194900216042747,0.26,1.0,1.0,6.0,-1310.5703275709518,payload_2x,Fuzzy only,0.0,1,2
0.5205574533568103,0.5205574533568103,8.224227810070534,1.1678464819914038,16.964639190065714,30.989167151911545,0.26,1.0,1.0,6.0,-1295.4754533936673,payload_2x,Fuzzy only,0.0,1,3
0.5201695814264803,0.5201695814264803,8.213412209758799,1.1656448885283324,16.970738491735087,27.253709746256813,0.26,1.0,1.0,6.0,-1301.2207937726769,payload_2x,Fuzzy only,0.0,2,0
0.519563759843847,0.519563759843847,8.205736441623541,1.1650933490638098,16.994583878078476,29.547941346516804,0.26,1.0,1.0,6.0,-1291.7772176217777,payload_2x,Fuzzy only,0.0,2,1
0.5178711412268076,0.5178711412268076,8.183516054178487,1.1621340860291112,17.01669602370194,31.175410245789106,0.25666666666666665,1.0,1.0,6.0,-1285.8016373667667,payload_2x,Fuzzy only,0.0,2,2
0.519832874498003,0.519832874498003,8.206549730500596,1.1655707112659084,17.017860652948347,28.788305343233514,0.26,1.0,1.0,6.0,-1295.2028129473345,payload_2x,Fuzzy only,0.0,2,3
0.5190455758108302,0.5190455758108302,8.20621059343605,1.1645689221725306,16.979435216625404,29.970821111893564,0.25666666666666665,1.0,1.0,6.0,-1297.061598972057,payload_2x,Fuzzy only,0.0,3,0
0.5186441072618765,0.5186441072618765,8.191582026124745,1.1628570748311982,17.023601192338507,28.826495855448016,0.25666666666666665,1.0,1.0,6.0,-1289.3117524068239,payload_2x,Fuzzy only,0.0,3,1
0.519759297488981,0.519759297488981,8.212393424800021,1.16669411438079,16.98385531278906,30.395162456190253,0.26,1.0,1.0,6.0,-1290.4954440630484,payload_2x,Fuzzy only,0.0,3,2
0.518230909426057,0.518230909426057,8.190644586372196,1.1628218940688353,17.018784468697593,30.060438431887146,0.25666666666666665,1.0,1.0,6.0,-1286.4998329186546,payload_2x,Fuzzy only,0.0,3,3
0.5179451164066202,0.5179451164066202,8.192169010503429,1.1612167210630422,17.02068209535024,31.35605798180689,0.25666666666666665,1.0,1.0,6.0,-1296.6939731199006,payload_2x,Fuzzy only,0.0,4,0
0.5182287948633661,0.5182287948633661,8.200844220135826,1.1615813645035904,17.009325905888524,31.420101169538174,0.25666666666666665,1.0,1.0,6.0,-1306.2956160078377,payload_2x,Fuzzy only,0.0,4,1
0.5204475040783452,0.5204475040783452,8.226658534034692,1.1678462551465478,16.99285775635291,29.03027566316565,0.26,1.0,1.0,6.0,-1302.349541231093,payload_2x,Fuzzy only,0.0,4,2
0.5205030198321456,0.5205030198321456,8.222824119655712,1.1679070017271302,16.975818059042954,31.350591087347798,0.26,1.0,1.0,6.0,-1296.3827029258823,payload_2x,Fuzzy only,0.0,4,3
0.8882826132578947,0.8882826132578947,13.566424542180858,2.019717514845577,13.537147215901685,34.287212245137006,0.33,1.0,1.0,6.0,-3139.9469668911174,severe_shift,Fuzzy only,0.0,0,0
0.8894079446425119,0.8894079446425119,13.568131373926608,2.021711979758502,13.528388299552962,34.200055891699904,0.33,1.0,1.0,6.0,-3143.581272723682,severe_shift,Fuzzy only,0.0,0,1
0.8893347741792474,0.8893347741792474,13.574730461938126,2.0214009679075797,13.524877118868616,34.81279722533507,0.33,1.0,1.0,6.0,-3150.2170521718895,severe_shift,Fuzzy only,0.0,0,2
0.8885790373339597,0.8885790373339597,13.584636132142741,2.020354738420716,13.544195713583466,34.40248867383912,0.33,1.0,1.0,6.0,-3159.3262960646853,severe_shift,Fuzzy only,0.0,0,3
0.8885827331464949,0.8885827331464949,13.565399467533753,2.0197342091491066,13.53378696396191,35.61432131903434,0.33,1.0,1.0,6.0,-3138.9891460446547,severe_shift,Fuzzy only,0.0,1,0
0.8889703464559283,0.8889703464559283,13.564224261182076,2.020697972156661,13.534448495139383,34.6362499705358,0.33,1.0,1.0,6.0,-3140.6922199275737,severe_shift,Fuzzy only,0.0,1,1
0.8903659949399962,0.8903659949399962,13.579591793136869,2.0251409201574213,13.506016778720474,36.73680608299886,0.33,1.0,1.0,6.0,-3155.794228373765,severe_shift,Fuzzy only,0.0,1,2
0.8901630861003712,0.8901630861003712,13.575007068331713,2.024324099537752,13.491402874821858,36.510220347577736,0.33,1.0,1.0,6.0,-3148.4077030495687,severe_shift,Fuzzy only,0.0,1,3
0.8898372325907127,0.8898372325907127,13.573593676778462,2.022398372937994,13.495711538065512,32.74350041526692,0.33,1.0,1.0,6.0,-3153.4807227723472,severe_shift,Fuzzy only,0.0,2,0
0.889505027003147,0.889505027003147,13.569059742787234,2.021984679335601,13.519508320289578,35.047254745234945,0.33,1.0,1.0,6.0,-3144.130366614225,severe_shift,Fuzzy only,0.0,2,1
0.888152621541307,0.888152621541307,13.562147833925255,2.0203544450464075,13.540189976053432,36.590002987465,0.33,1.0,1.0,6.0,-3136.3305407330436,severe_shift,Fuzzy only,0.0,2,2
0.889636461493901,0.889636461493901,13.567034052889998,2.022338252734402,13.542746657284443,34.27519057042257,0.33,1.0,1.0,6.0,-3147.438199641921,severe_shift,Fuzzy only,0.0,2,3
0.8889930411835079,0.8889930411835079,13.577028432690495,2.0224154380632666,13.50632686951513,35.39262924087641,0.33,1.0,1.0,6.0,-3148.5938813575644,severe_shift,Fuzzy only,0.0,3,0
0.888779607681434,0.888779607681434,13.56360220476961,2.0202446307225905,13.546175342629956,34.2825515111335,0.33,1.0,1.0,6.0,-3140.591658257609,severe_shift,Fuzzy only,0.0,3,1
0.8893247749766846,0.8893247749766846,13.562455596786524,2.022907799202581,13.5116728002717,35.92021427333043,0.33,1.0,1.0,6.0,-3133.6473586309307,severe_shift,Fuzzy only,0.0,3,2
0.8884685823097538,0.8884685823097538,13.567595577923642,2.021089629238125,13.543185560225544,35.50735436335566,0.33,1.0,1.0,6.0,-3137.6476837641367,severe_shift,Fuzzy only,0.0,3,3
0.888186579163071,0.888186579163071,13.57309230264627,2.0193060456365406,13.542439576131468,36.764865958657516,0.33,1.0,1.0,6.0,-3147.043056827332,severe_shift,Fuzzy only,0.0,4,0
0.8883567128227714,0.8883567128227714,13.58093842225607,2.019791622460889,13.531525362073106,36.83869125859961,0.33,1.0,1.0,6.0,-3156.7323485190186,severe_shift,Fuzzy only,0.0,4,1
0.8899273612049192,0.8899273612049192,13.574177184801258,2.024177790242616,13.52110282850842,34.597804735622034,0.33,1.0,1.0,6.0,-3146.571920834677,severe_shift,Fuzzy only,0.0,4,2
0.8901316133838926,0.8901316133838926,13.573254688117657,2.0243812254646434,13.5025829640194,36.871828361232076,0.33,1.0,1.0,6.0,-3149.3239406785847,severe_shift,Fuzzy only,0.0,4,3
