t,error_norm,torque_rms,torque_smoothness,safety_violation,residual_gate,q1,q2,qd1,qd2,error1,error2,tau1,tau2,supervisor_tau1,supervisor_tau2,residual_tau1,residual_tau2
0.02,0.03882490117458461,18.806669960473258,940.333498023663,0.0,1.0,-0.0004822906753112477,0.4801600247139137,0.01528847159687587,0.44468248240091773,0.01577076227218699,-0.03547754231299605,26.452162926584755,2.7685278596664973,26.452162926584755,2.7685278596664973,0.0,0.0
0.04,0.03751603100476159,17.936675638859477,110.71509127803,0.0,1.0,0.014854380649524934,0.47335868944514736,0.030567774339877347,0.439291963140992,0.01571339369035263,-0.03406672630415519,24.78115440261403,5.416922781535059,24.78115440261403,5.416922781535059,0.0,0.0
0.06,0.03415378742664903,18.2447751889323,68.26967527445186,0.0,1.0,0.030754608951478524,0.4644787117451381,0.045828747197790204,0.4338315005879084,0.015074138246311541,-0.03064721115722957,25.543556948589654,3.642848034644961,25.543556948589654,3.642848034644961,0.0,0.0
0.08,0.032359310911625264,18.007293599467076,36.86791945821789,0.0,1.0,0.04628851114957566,0.45709412246537795,0.06106224477682705,0.42830416245522424,0.014773733627251318,-0.02878996001015377,25.053930117785104,4.563532755218951,25.053930117785104,4.563532755218951,0.0,0.0
0.1,0.029986235821399657,18.07310647661473,21.71956947689966,0.0,1.0,0.06200002064919996,0.44909202531987136,0.0762591451196154,0.42271302404852323,0.01425912447041533,-0.02637900127134829,25.24738118669076,3.980464626653552,25.24738118669076,3.980464626653552,0.0,0.0
0.12000000000000001,0.02822834006789895,17.952443989750474,12.669798364940794,0.0,1.0,0.07757433197120234,0.4416661168495821,0.09141035748053888,0.41706116651242575,0.01383602550933638,-0.024604950337156595,25.027991801568895,4.263814816670173,25.027991801568895,4.263814816670173,0.0,0.0
0.13999999999999999,0.026340556178309264,17.925999118277705,7.887055573379175,0.0,1.0,0.09319614185415759,0.4340816218240997,0.10650683006958868,0.41135167507945797,0.013310688215431021,-0.022729946744641794,25.02709198398353,4.040737012255726,25.02709198398353,4.040737012255726,0.0,0.0
0.16,0.02475753595967561,17.83207229438357,5.994069101929688,0.0,1.0,0.10874399696050707,0.4267821934789717,0.12153955775691538,0.40558763732178726,0.01279556079640809,-0.021194556157184685,24.878993804642192,4.123259862392807,24.878993804642192,4.123259862392807,0.0,0.0
0.18,0.02317265749823602,17.767690759285337,4.766982814091441,0.0,1.0,0.12428883573285532,0.41946654523999616,0.1364995897303139,0.399772141406823,0.012210753997458745,-0.019694403833173002,24.805206483081417,4.010411595694726,24.805206483081417,4.010411595694726,0.0,0.0
0.19999999999999998,0.02177016806411216,17.673511226314393,4.8752437768394765,0.0,1.0,0.13977319864022197,0.41232750186348266,0.1513780370979241,0.39390827435768505,0.011604838457702105,-0.018419227505797497,24.668015314382785,4.024303490381674,24.668015314382785,4.024303490381674,0.0,0.0
0.22,0.020398001749454827,17.588297619597565,4.7200765274856,0.0,1.0,0.15522751622632613,0.4052161551561686,0.16616608042848796,0.38799912031953215,0.010938564202161771,-0.01721703483663628,24.55824003630065,3.9483252944156852,24.55824003630065,3.9483252944156852,0.0,0.0
0.24,0.019151386242042708,17.48668026599261,5.093879741593243,0.0,1.0,0.1706173739293413,0.3982331557640162,0.18085497722157057,0.3820477588327436,0.010237603292229114,-0.01618539693127241,24.41472245123785,3.935644938143347,24.41472245123785,3.935644938143347,0.0,0.0
0.26,0.0179406476248296,17.387093012910515,5.186400994000434,0.0,1.0,0.18595699009410582,0.3912892654315061,0.1954360693002277,0.37605726311393883,0.009479079206121899,-0.015232002317567161,24.282157835466467,3.8728307131474065,24.282157835466467,3.8728307131474065,0.0,0.0
0.28,0.01682955138763146,17.276145470742467,5.547396087180431,0.0,1.0,0.20122058849416558,0.38444901654408925,0.20990079011868423,0.370030698345817,0.00868020162451888,-0.014418318198272218,24.127148245421857,3.848522079441382,24.127148245421857,3.848522079441382,0.0,0.0
0.30000000000000004,0.015758979268346802,17.163887677191074,5.738810827183779,0.0,1.0,0.21641474411364747,0.3776495804401301,0.2242406719776791,0.36397111997678994,0.0078259278640318,-0.013678460463339981,23.975659905131806,3.7902259172664396,23.975659905131806,3.7902259172664396,0.0,0.0
0.32,0.014784416328818446,17.04194738380991,6.0984369160154115,0.0,1.0,0.23151658806960596,0.37094080101779525,0.23844735314023052,0.35788157203137927,0.006930765070624734,-0.01305922898641576,23.80590489626454,3.7596320744321376,23.80590489626454,3.7596320744321376,0.0,0.0
0.34,0.013862373792087648,16.91831188788974,6.278756934218942,0.0,1.0,0.24652935152249222,0.3642697376150905,0.2525125848406812,0.3517650854323356,0.005983233318188841,-0.01250465218275476,23.63801129053395,3.7017531657867337,23.63801129053395,3.7017531657867337,0.0,0.0
0.36000000000000004,0.01305257223422669,16.786246778530014,6.605436961240611,0.0,1.0,0.26143040172318743,0.35768250668258794,0.26642823817999745,0.3456246763354367,0.0049978364568099565,-0.012057830347151466,23.454231348519198,3.6681321772201656,23.454231348519198,3.6681321772201656,0.0,0.0
0.38,0.012319017246959526,16.652952167238034,6.752379560650043,0.0,1.0,0.2762220950064389,0.35112709937403075,0.2801863109004165,0.33946334447790827,0.003964215893977663,-0.01166375489612248,23.272689225511254,3.6088180864943,23.272689225511254,3.6088180864943,0.0,0.0
0.4,0.011733265794833168,16.51193258109796,7.052201378238257,0.0,1.0,0.29088020605471065,0.34465363188127807,0.293778934032666,0.3332840715414047,0.0028987279779553177,-0.011369560339873352,23.07617905120157,3.5746042469529913,23.07617905120157,3.5746042469529913,0.0,0.0
0.42000000000000004,0.011256495874266453,16.37078709797463,7.148570810976167,0.0,1.0,0.305408432962885,0.33820309063609244,0.3071983784091139,0.3270898195304771,0.0017899454462289022,-0.011113271105615219,22.883809565445084,3.512349667511659,22.883809565445084,3.512349667511659,0.0,0.0
0.44,0.010974429267722463,16.222115203517685,7.433600067880296,0.0,1.0,0.31977890707671186,0.3318382053889355,0.32043706103635083,0.32088352916744667,0.000658153959638863,-0.010954676221488935,22.676027498159197,3.4802040536622534,22.676027498159197,3.4802040536622534,0.0,0.0
0.46,0.010826257234772202,16.075164644992668,7.459128828100097,0.0,1.0,0.333999611118422,0.3254822590692181,0.3334875513208576,0.3146681183045908,-0.0005120597975643015,-0.010814140764627389,22.476075210774905,3.4128990384765734,22.476075210774905,3.4128990384765734,0.0,0.0
0.48000000000000004,0.010948864983594476,15.88798156054222,9.37189601498942,0.0,1.0,0.3480192866214198,0.31926619799175704,0.3463425771415634,0.3084464803545383,-0.0016767094798564308,-0.010819717637218673,22.212291936192404,3.386739298738712,22.212291936192404,3.386739298738712,0.0,0.0
0.5,0.011190135036788635,15.672750384656176,10.990874507764065,0.0,1.0,0.361852594964271,0.31304060696396085,0.3589950307632678,0.3022214827397593,-0.0028575642010033597,-0.010819124224201726,21.92075582156785,3.2788219608084503,21.92075582156785,3.2788219608084503,0.0,0.0
0.52,0.011729432990805769,15.456604242941394,10.876334393664402,0.0,1.0,0.37542041915856084,0.30702863201632047,0.371437974585066,0.295995965362023,-0.003982444573495059,-0.011032666654297252,21.613331922421256,3.2675851415187362,21.613331922421256,3.2675851415187362,0.0,0.0
0.54,0.011695324619846932,15.249414978662312,14.641778072631674,0.0,1.0,0.38896121896383473,0.3001999602186247,0.3836646467180935,0.28977273909268486,-0.0052965722457409825,-0.010427221125939745,21.365130449342736,2.936071399926912,21.365130449342736,2.936071399926912,0.0,0.0
0.56,0.013182715455716212,15.008811777473126,26.672932739212943,0.0,1.0,0.4017702894136188,0.2952401198966488,0.3956684663870874,0.2835545842846511,-0.0061018230265315054,-0.01168553561199781,20.926687953534476,3.5500131321767125,20.926687953534476,3.5500131321767125,0.0,0.0
0.5800000000000001,0.011536315330026768,14.927280384808379,60.482896043541274,0.0,1.0,0.41549689048458127,0.2856039133485413,0.40744303915045005,0.27734424930685475,-0.008053851334131057,-0.008259664041686321,21.029810431417864,1.842409452862848,21.029810431417864,1.842409452862848,0.0,0.0
0.6,0.015004285819657626,14.479655549361507,115.66101889153626,0.0,1.0,0.4268867112572905,0.2838977503589488,0.41898216193369275,0.27114444910206675,-0.007904549323597632,-0.012753301256882121,19.881075001668613,4.90547718722026,19.881075001668613,4.90547718722026,0.0,0.0
0.62,0.012152750066913166,15.501885103429144,179.54628334709662,0.0,1.0,0.4410746694631458,0.2705400433786944,0.4302798278713369,0.2649578637688458,-0.01079484159180888,-0.0055821796098487475,21.921492139325508,0.25508019391304737,21.921492139325508,0.25508019391304737,0.0,0.0
0.64,0.017373115156375928,14.052232683512333,257.7578264383003,0.0,1.0,0.45074915437224217,0.2733853908944899,0.44133023095255064,0.25878713716842117,-0.009418923419691527,-0.014598253726068933,18.678810462392008,6.784727444280964,18.678810462392008,6.784727444280964,0.0,0.0
0.66,0.013794278169178954,15.912662479697248,335.1163054889353,0.0,1.0,0.465754345595379,0.2547793009937336,0.45212777046601504,0.2526348755572857,-0.013626575129364049,-0.002144425436447772,22.421542384356272,-1.9235621882446114,22.421542384356272,-1.9235621882446114,0.0,0.0
0.68,0.020745766559717597,13.963085290869685,445.4433015555356,0.0,1.0,0.4730990211734123,0.26443576594551566,0.4626670552397157,0.24650364624625834,-0.010431965933696663,-0.017932119699257232,17.270423063743426,9.574340127628737,17.270423063743426,9.574340127628737,0.0,0.0
0.7000000000000001,0.01625365675493757,16.856810301232592,559.9070352944785,0.0,1.0,0.48917492582475885,0.2395575583823759,0.4729429076715859,0.24039597628676346,-0.016232018153172767,0.000838417904387434,23.293273761507123,-5.072228754203255,23.293273761507123,-5.072228754203255,0.0,0.0
0.7200000000000001,0.025623093000293078,14.43274008498097,690.848776699642,0.0,1.0,0.49379858890840955,0.2575276876147581,0.48295036754714143,0.2343143511850546,-0.010848221361268173,-0.023213336429703357,15.767939223505866,12.960712378764457,15.767939223505866,12.960712378764457,0.0,0.0
0.74,0.019877617527700366,18.518210770448345,848.8255228267419,0.0,1.0,0.5118271905897718,0.22290541625407023,0.49268469564047546,0.2282612136450953,-0.019142494949296207,0.005355797391024986,24.432079878110855,-9.429832082657077,24.432079878110855,-9.429832082657077,0.0,0.0
0.76,0.032054719318588804,15.9659330367934,1037.7305031673861,0.0,1.0,0.512865712674921,0.2524464722839719,0.5021413770952154,0.22223896234079082,-0.010724335579705535,-0.030207509943180888,13.750828761547577,17.909124597292234,13.750828761547577,17.909124597292234,0.0,0.0
0.78,0.021351077578087577,20.848956221456742,1197.417240222517,0.0,1.0,0.5320844091225414,0.2112954708262853,0.5113161245822708,0.21624995071824807,-0.0207682845402708,0.0049544798919627375,26.15883080487159,-13.6041729616519,26.15883080487159,-13.6041729616519,0.0,0.0
0.8,0.03721200796044283,16.900725523481636,1299.830192185789,0.0,1.0,0.531289537751114,0.24581920991189277,0.5202048812314455,0.21029648582872282,-0.011084656519668279,-0.03552272408317014,12.344610086428148,20.466549495559423,12.344610086428148,20.466549495559423,0.0,0.0
0.8200000000000001,0.020730161234791402,21.207858723084495,1308.5368940969306,0.0,1.0,0.5491513033673314,0.2083456274555311,0.5288038233342207,0.20438082719289363,-0.02034748003311071,-0.003964800262637347,26.70988777526521,-13.642889659795706,26.70988777526521,-13.642889659795706,0.0,0.0
0.8400000000000001,0.04299838511147723,16.017904482059695,1251.2043659179685,0.0,1.0,0.5487112227607409,0.23990878418804318,0.5371093628152643,0.19850518569708517,-0.011601859945476356,-0.04140359849095798,12.611898730602546,18.817187313777847,12.611898730602546,18.817187313777847,0.0,0.0
0.86,0.022802699049954946,20.672313045769005,1240.4765270232724,0.0,1.0,0.5666940601591683,0.20005028348714848,0.5451181494704624,0.1926717225220421,-0.021575910688706124,-0.007378560965106473,25.836330979139987,-13.681120380322453,25.836330979139987,-13.681120380322453,0.0,0.0
0.88,0.04972603398357264,16.517011640996802,1292.674081292324,0.0,1.0,0.5648313704099941,0.23513786178836904,0.5528270729695182,0.18688254810483765,-0.01200429744047593,-0.04825531368353131,11.879161068452387,20.112406106863816,11.879161068452387,20.112406106863816,0.0,0.0
0.9,0.027288521825833162,20.857448734102384,1297.6713963428972,0.0,1.0,0.5816738283871032,0.19802064672664832,0.5602332646214137,0.18113972113447843,-0.02144056376568937,-0.016880925592170026,26.112232625210773,-13.71924351844141,26.112232625210773,-13.71924351844141,0.0,0.0
0.92,0.05218035321636197,15.033727297838148,1213.102396689979,0.0,1.0,0.5812271828455784,0.2257420812823021,0.5673340989012822,0.17544524758174962,-0.013893083944296336,-0.05029683370055249,11.995329302166006,17.553859628700618,11.995329302166006,17.553859628700618,0.0,0.0
0.9400000000000001,0.02822822614580992,19.74197319586955,1181.7289115203705,0.0,1.0,0.5986571559847191,0.1837693922083603,0.5741271947374865,0.16980107976382167,-0.024529961247232723,-0.013968312444538444,24.461196112554696,-13.458859389859262,24.461196112554696,-13.458859389859262,0.0,0.0
0.9600000000000001,0.054827503451632426,15.983121292126805,1270.5013860343697,0.0,1.0,0.5961402693791169,0.21679123033209402,0.5806104165579593,0.16420911544412137,-0.015529852821157597,-0.0525821148879726,10.881747454537615,19.81181225464593,10.881747454537615,19.81181225464593,0.0,0.0
0.98,0.03182322584660411,20.205767341204453,1288.317691132583,0.0,1.0,0.6122042094420821,0.17781336559208016,0.5867818750951103,0.15867119696794674,-0.02542233434697172,-0.019142168624133316,25.04231608713204,-13.763301663697437,25.04231608713204,-13.763301663697437,0.0,0.0
1.0,0.059260542076828245,15.47707148883717,1255.4624527299954,0.0,1.0,0.6093036002028205,0.21005855631036496,0.5926399279488664,0.15318911043428537,-0.016663672253954154,-0.05686944587607945,11.070009326847112,18.88211792264498,11.070009326847112,18.88211792264498,0.0,0.0
1.02,0.035036002005657214,19.95384427693248,1250.4192666632098,0.0,1.0,0.6249359785251314,0.17038778544428235,0.5981831799076599,0.147764584904274,-0.026752798617471374,-0.022623200540008437,24.622664609513357,-13.785361452771575,24.622664609513357,-13.785361452771575,0.0,0.0
1.04,0.06461405612080687,15.692662101611566,1273.6858420313156,0.0,1.0,0.6209100958501277,0.2045984861707515,0.6034104830274423,0.14239929164671528,-0.017499612822685418,-0.062199194524036105,10.702211296766087,19.441758177440747,10.702211296766087,19.441758177440747,0.0,0.0
1.06,0.04006807688276466,20.007212140411514,1275.3986304442658,0.0,1.0,0.6355574985280268,0.16648226372788244,0.608320936469052,0.1370948434210446,-0.027236562058974734,-0.029387420306838052,24.697280962467378,-13.806570476545083,24.697280962467378,-13.806570476545083,0.0,0.0
1.08,0.066648067608642,14.673927705086156,1220.8392205109315,0.0,1.0,0.6322121083743055,0.19564576780628284,0.6129138860945225,0.1318527937981196,-0.01929822227978306,-0.0637929740081633,10.72013729946551,17.768707461962403,10.72013729946551,17.768707461962403,0.0,0.0
1.1,0.04013095890950362,19.34471893959938,1206.1027250450866,0.0,1.0,0.6472143345633823,0.1533011002888549,0.6171889238231698,0.12667463651918037,-0.0300254107402127,-0.02662646376967448,23.613346204040294,-13.814708927528152,23.613346204040294,-13.814708927528152,0.0,0.0
1.12,0.06708422242532235,15.306748444830786,1266.9147552231746,0.0,1.0,0.6423859061787125,0.18519477176596455,0.6211458867485529,0.12156180489330815,-0.021240019430159407,-0.0636329668726563,9.856150529478018,19.273022405604408,9.856150529478018,19.273022405604408,0.0,0.0
1.1400000000000001,0.04230072864855152,19.489040037223486,1270.120112733531,0.0,1.0,0.6561281035321276,0.14492258024266702,0.6247848560176513,0.11651567123368345,-0.03134324751447615,-0.028406909008983572,23.850067852267845,-13.813747738655865,23.850067852267845,-13.813747738655865,0.0,0.0
1.1600000000000001,0.07053064215752422,15.31420967649416,1265.7189394148652,0.0,1.0,0.6501567868432607,0.17853262928207725,0.628106155473858,0.1115375463329274,-0.022050631369402662,-0.06699508294914969,10.012905320852628,19.20395175652386,10.012905320852628,19.20395175652386,0.0,0.0
1.18,0.04576722515845781,19.574935468073324,1267.7387972911815,0.0,1.0,0.6628995321927058,0.13955415237447433,0.6311103500656274,0.1066286789777803,-0.0317891821270786,-0.03292547339669394,23.988128303429328,-13.81759377231372,23.988128303429328,-13.81759377231372,0.0,0.0
1.2,0.07530925818479221,15.232333031338227,1260.857571412518,0.0,1.0,0.6561343281265133,0.17371093205230537,0.6337982440228754,0.1017902555033538,-0.022336084103637965,-0.07192067654895151,10.097722767730135,19.02850320075806,10.097722767730135,19.02850320075806,0.0,0.0
1.22,0.049712017560038124,19.57275799589447,1260.9075048891189,0.0,1.0,0.6681439384418697,0.1350892390238818,0.6361708788034589,0.09702339938716598,-0.031973059638410906,-0.038065839636715726,23.98226179373606,-13.821607373544131,23.98226179373606,-13.821607373544131,0.0,0.0
1.24,0.07930071204346986,15.012326988468358,1250.1726990691009,0.0,1.0,0.6609750200137783,0.16829788583599825,0.6382295308123191,0.09232917088314652,-0.022745489201459357,-0.07596871495285162,10.073867812262945,18.688421830599914,10.073867812262945,18.688421830599914,0.0,0.0
1.26,0.05242982392091578,19.43594797701477,1247.0358524748904,0.0,1.0,0.6725456035655215,0.12879491963201062,0.6399757088960978,0.08770856669577537,-0.032569894669423505,-0.041086352936235304,23.75984570342126,-13.819619375368603,23.75984570342126,-13.819619375368603,0.0,0.0
1.28,0.08175749808663749,14.972196296299579,1250.7748684344235,0.0,1.0,0.6648233984746521,0.16149613438467192,0.6414111516162794,0.08316251969449459,-0.023412246858372843,-0.07833361469017719,9.886670713697796,18.723970360710464,9.886670713697796,18.723970360710464,0.0,0.0
1.3,0.05419488124591221,19.353511132905727,1248.6601175582027,0.0,1.0,0.6758432750021757,0.12144505185116117,0.6425378243041417,0.07869189866850859,-0.03330545069803392,-0.0427531531826526,23.630866919055755,-13.809377791808297,23.630866919055755,-13.809377791808297,0.0,0.0
1.32,0.08287541142372895,14.905816133873696,1248.5474451638313,0.0,1.0,0.6675661346078545,0.1535584440596045,0.6433579159010255,0.07429750812206537,-0.024208218706828877,-0.07926093593753913,9.77870112322249,18.674681083659394,9.77870112322249,18.674681083659394,0.0,0.0
1.34,0.054830193398429185,19.279779500052417,1246.4383230329813,0.0,1.0,0.6780371451361544,0.1128661976191081,0.6438738355876568,0.06998008811028603,-0.034163309548497445,-0.04288610950882221,23.520549293112076,-13.791430531006121,23.520549293112076,-13.791430531006121,0.0,0.0
1.36,0.0826935536461577,14.887268399205437,1248.1923975188,0.0,1.0,0.6691440312005632,0.14454659304582718,0.6440882092064817,0.06574031411558692,-0.02505582199408174,-0.07880627893024039,9.690419419178575,18.691101954148355,9.690419419178575,18.691101954148355,0.0,0.0
1.3800000000000001,0.054481584549399456,19.240395238979776,1246.6755856445589,0.0,1.0,0.6790244562145276,0.10331369818794123,0.6440038754811804,0.06157879696471452,-0.03502058073334702,-0.04173490122322665,23.470953272595274,-13.76589882208788,23.470953272595274,-13.76589882208788,0.0,0.0
1.4000000000000001,0.0815298156265954,14.920749551655767,1249.5218126812924,0.0,1.0,0.6694341869199856,0.13483261359811083,0.6436238820377465,0.05749608278638846,-0.025810304882239343,-0.07733653081172243,9.654113070833121,18.76314566329539,9.654113070833121,18.76314566329539,0.0,0.0
1.4200000000000002,0.053453371062129815,19.249800232226164,1248.9507493423685,0.0,1.0,0.6786684560137628,0.09326149244852111,0.6429514812317189,0.05349265300952602,-0.03571697478204383,-0.03976883943899523,23.50516175808037,-13.733790033625283,23.50516175808037,-13.733790033625283,0.0,0.0
1.44,0.07979213651592022,14.999721872356217,1252.0302505171296,0.0,1.0,0.6683130305573712,0.12489415081513888,0.6419901257863581,0.04956892440199484,-0.026322904771013178,-0.0753252264131441,9.687051962033403,18.8717867935431,9.687051962033403,18.8717867935431,0.0,0.0
1.46,0.052042145195173126,19.31080078107062,1252.500207097567,0.0,1.0,0.6768570137484935,0.08319785806487712,0.6407434642467538,0.04572524914981885,-0.036113549501739506,-0.0374726089150581,23.62669138044212,-13.69647794236668,23.62669138044212,-13.69647794236668,0.0,0.0
1.48,0.07782955409598118,15.112294005721838,1255.1427801593834,0.0,1.0,0.6657014640285372,0.11514609719082891,0.639215336255039,0.04196191497673868,-0.026486127773498236,-0.0731841822140904,9.791094550547268,18.99729790609696,9.791094550547268,18.99729790609696,0.0,0.0
1.5,0.05044357792072011,19.417616327366158,1256.5501359152443,0.0,1.0,0.6735375981947387,0.0734833270687334,0.6374097676520752,0.03827914530400067,-0.03612783054266355,-0.035204181764732834,23.82480992355626,-13.655258319783215,23.82480992355626,-13.655258319783215,0.0,0.0
1.52,0.0758557093873134,15.246353336418068,1258.405146138291,0.0,1.0,0.6615851535145385,0.10584455165757323,0.6353309654111481,0.0346770994502309,-0.02625418810339042,-0.07116745220734222,9.956778399562186,19.124987425350756,9.956778399562186,19.124987425350756,0.0,0.0
1.54,0.04873936356283983,19.560058984877774,1260.5381382391615,0.0,1.0,0.6687261937251359,0.06429153335594684,0.6329833124093887,0.031155872871220208,-0.03574288131574743,-0.0331356604847266,24.081737812583007,-13.611088086916679,24.081737812583007,-13.611088086916679,0.0,0.0
1.56,0.07394057000971212,15.392836496196344,1261.5747419875136,0.0,1.0,0.6560118852654031,0.09706801334355664,0.6303713620427998,0.02771549743942872,-0.02564052322260313,-0.06935251590412772,10.169020346346368,19.247593511731846,10.169020346346368,19.247593511731846,0.0,0.0
1.58,0.046929862040886026,19.727333721563788,1264.199671894034,0.0,1.0,0.6624955075078365,0.05562437145310817,0.6274998326909286,0.02435594176299044,-0.03499567481690802,-0.03126842969011756,24.379069794407,-13.564525332031634,24.379069794407,-13.564525332031634,0.0,0.0
1.6,0.0720468359233132,15.546841621900901,1264.6151391707092,0.0,1.0,0.6490735059581936,0.08875769452657023,0.6243736020373807,0.021077111543978816,-0.024699903920812893,-0.06768058298259128,10.412379425170249,19.364682376409682,10.412379425170249,19.364682376409682,0.0,0.0
1.62,0.04497632169470775,19.91072292621307,1267.539517857498,0.0,1.0,0.6549519389511489,0.047374260728705764,0.6209977012525141,0.017878849975667438,-0.03395423769863459,-0.02949541075303852,24.70215272566166,-13.515821307154798,24.70215272566166,-13.515821307154798,0.0,0.0
1.6400000000000001,0.0700850503879346,15.707099914087477,1267.627244500559,0.0,1.0,0.640882115882115,0.08078698109657845,0.6173773090447968,0.014760938178502075,-0.02350480683731826,-0.06602604291807657,10.67472108072674,19.480151572073094,10.67472108072674,19.480151572073094,0.0,0.0
1.6600000000000001,0.04283569335560688,20.10488696537886,1270.7324807499122,0.0,1.0,0.6462112887996003,0.039400322007506094,0.6135177455874384,0.011723095674470413,-0.032693543212162,-0.0276772263330356,25.042053808920848,-13.465084508180198,25.042053808920848,-13.465084508180198,0.0,0.0
1.6800000000000002,0.0679667689082602,15.874578509427566,1270.7599008126674,0.0,1.0,0.6315491455992266,0.07302990323616054,0.6094244663270378,0.008764980899541835,-0.02212467927218853,-0.06426492233661873,10.94882299454577,19.599177552592987,10.94882299454577,19.599177552592987,0.0,0.0
1.7,0.04048470434769575,20.307831387354913,1274.0036560672627,0.0,1.0,0.6363807367389152,0.0315906262694039,0.6051030556811007,0.005886191753819187,-0.031277681057814366,-0.025704434515584573,25.395324424541368,-13.4124393264897,25.395324424541368,-13.4124393264897,0.0,0.0
1.72,0.06564180609575056,16.050907434014324,1274.1352197562974,0.0,1.0,0.6211726403978837,0.06540747953603132,0.6005592206313952,0.003086266189028186,-0.020613419766488228,-0.062321213347003024,11.232049598237788,19.725727381602912,11.232049598237788,19.725727381602912,0.0,0.0
1.74,0.03793217968438598,20.51987870532089,1277.5302878630073,0.0,1.0,0.6255505311373342,0.023895169674241767,0.5957987842202185,0.00036468283294516235,-0.029751746917115796,-0.02353048684129666,25.762206294922493,-13.358127525219224,25.762206294922493,-13.358127525219224,0.0,0.0
1.76,0.06311302303856342,16.237118151356494,1277.8074188045766,0.0,1.0,0.609833974126579,0.057904035552879485,0.5908276789567358,-0.0022791383496578166,-0.019006295169843312,-0.060183173902537135,11.524704069485614,19.861248899125222,11.524704069485614,19.861248899125222,0.0,0.0
1.78,0.03521868961983828,20.74219193137334,1281.3891366046669,0.0,1.0,0.6137947478760015,0.016328169252020075,0.5856519401406479,-0.004845835359989947,-0.028142807735353603,-0.021174004612010133,26.14420769631043,-13.302535704445264,26.14420769631043,-13.302535704445264,0.0,0.0
1.8,0.060430248130662285,16.43294826413904,1281.7569161749477,0.0,1.0,0.5976018265458101,0.05055767427915736,0.5802776991105181,-0.007336103432606739,-0.01732412743529199,-0.057893777711764294,11.827927690496503,20.004592069125696,11.827927690496503,20.004592069125696,0.0,0.0
1.82,0.032405936317492647,20.975424614944185,1285.5522326669163,0.0,1.0,0.6011777317110805,0.008948668284537664,0.5747111764241625,-0.009750694267643162,-0.02646655528691788,-0.018699362552180965,26.54196800353269,-13.246162087709013,26.54196800353269,-13.246162087709013,0.0,0.0
1.84,0.05767124039182135,16.636742242060063,1285.9095835877977,0.0,1.0,0.5845395451016677,0.04343623111852013,0.5689586749785727,-0.01209041522842283,-0.01558087012309528,-0.05552664634694304,12.141958195303271,20.152797226216492,12.141958195303271,20.152797226216492,0.0,0.0
1.86,0.02956216288508608,21.218898891252483,1289.917327683847,0.0,1.0,0.5877620098208096,0.0018327455612543453,0.5630265730768895,-0.014356128504964621,-0.02473543674391987,-0.01618887406621905,26.954017315672385,-13.189552337392843,26.954017315672385,-13.189552337392843,0.0,0.0
1.8800000000000001,0.054919675105956224,16.845799531438423,1290.1663724721004,0.0,1.0,0.5707121007636538,0.03661124420057016,0.5569213174500023,-0.016548750243933763,-0.013790783313651467,-0.05315999444450403,12.465231044482913,20.302215118417042,12.465231044482913,20.302215118417042,0.0,0.0
1.9000000000000001,0.02675033427048454,21.47043583894081,1294.3520467954138,0.0,1.0,0.5736143052939,-0.004950858546711068,0.5506494162403778,-0.01866924964559974,-0.02296488905352234,-0.013718391098888727,27.376584350655236,-13.133234922120545,27.376584350655236,-13.133234922120545,0.0,0.0
1.9200000000000002,0.052248021817033634,17.056932059893956,1294.4301503421261,0.0,1.0,0.5561901852806814,0.03013908453622749,0.5442174319557598,-0.020718648028386494,-0.011972753324921648,-0.05085773256461401,12.794389370113803,20.449485647262513,12.794389370113803,20.449485647262513,0.0,0.0
1.94,0.024022710644700813,21.72671522912534,1298.7328582439663,0.0,1.0,0.5588079986781547,-0.011354886790038154,0.5376319744004003,-0.022698017861615072,-0.021176024277754557,-0.011343131071576806,27.804220728497558,-13.077676359965505,27.804220728497558,-13.077676359965505,0.0,0.0
1.96,0.049708982145762616,17.267004834249125,1298.6220272863554,0.0,1.0,0.5410507503076101,0.024052991222500708,0.5308996935914962,-0.024608481767062623,-0.010151056716114049,-0.04866147298956314,13.124943375844053,20.592104634370244,13.124943375844053,20.592104634370244,0.0,0.0
1.98,0.021421403445436173,21.983908197875632,1302.9679407923486,0.0,1.0,0.543422129000593,-0.01735637375474708,0.5240272726685131,-0.026451211489974452,-0.019394856332080046,-0.009094837735227568,28.23081766697246,-13.023262769344807,28.23081766697246,-13.023262769344807,0.0,0.0
2.0,0.047335138405443525,17.473313832249918,1302.6857447264354,0.0,1.0,0.525374732399154,0.018364820511074242,0.517021420803073,-0.02822742684018889,-0.008353311596080992,-0.046592247351262994,13.452179983335204,20.728537002319975,13.452179983335204,20.728537002319975,0.0,0.0
2.02,0.018982067567740925,22.238315964973108,1307.0021291639,0.0,1.0,0.5275381889917319,-0.022951242737063282,0.5098888661170723,-0.02993839460404757,-0.01764932287465948,-0.006987151866984398,28.65059574548789,-12.970302901034604,28.65059574548789,-12.970302901034604,0.0,0.0
2.04,0.04514392583548039,17.673753792400024,1306.5833904811107,0.0,1.0,0.5092434473102099,0.013072385849326018,0.5026363486166765,-0.03158542742778467,-0.006607098693533153,-0.04465781327711049,13.771958870725193,20.858003142482314,13.771958870725193,20.858003142482314,0.0,0.0
2.06,0.016737618856387585,22.48682339053376,1310.8087949461096,0.0,1.0,0.5112363382161846,-0.028145590873584148,0.49527061314981247,-0.03316988267310304,-0.015965725066372283,-0.00502429179951891,29.05878174468917,-12.919042375835444,29.05878174468917,-12.919042375835444,0.0,0.0
2.08,0.043144244619282415,17.866806282541408,1310.2876136976531,0.0,1.0,0.4927351394557862,0.008167712181726738,0.4877984023947389,-0.03469316124566112,-0.004936737061047136,-0.04286087342738787,14.081174906022945,20.980134573965724,14.081174906022945,20.980134573965724,0.0,0.0
2.1,0.01471987435217511,22.72708913594371,1314.3763203112667,0.0,1.0,0.49459235601837737,-0.032948055282649324,0.4802264498872338,-0.03615670639721329,-0.014365906131143635,-0.0032086511145639207,29.45186786101909,-12.869679121226461,29.45186786101909,-12.869679121226461,0.0,0.0
2.12,0.04134166301623292,18.051420356390032,1313.7748637496304,0.0,1.0,0.4759226641369967,0.003642796923631675,0.47256147309388646,-0.03756200250215719,-0.0033611910431101677,-0.041204799425788696,14.377841099476631,21.09467323957367,14.377841099476631,21.09467323957367,0.0,0.0
2.14,0.01295824068926062,22.957501915819773,1317.6961127658467,0.0,1.0,0.477675995295034,-0.03736575919931617,0.4648101665389178,-0.03891057380926145,-0.012865828756116304,-0.0015448146099452664,29.827512766091466,-12.822373829302734,29.827512766091466,-12.822373829302734,0.0,0.0
2.16,0.039740660300461444,18.226865643347516,1317.0220999002208,0.0,1.0,0.4588725935348599,-0.0005084529036691876,0.45697919499188655,-0.040203983169357,-0.0018933985429732125,-0.03969553026568784,14.660887052932702,21.2013125344266,14.660887052932702,21.2013125344266,0.0,0.0
2.18,0.01147560021156282,23.177002729065457,1320.7562444179657,0.0,1.0,0.4605507183626383,-0.04140415938815867,0.4490751867235604,-0.04144383073979335,-0.011475531639077996,-3.967135163485125e-05,30.184245769438952,-12.77725394348575,30.184245769438952,-12.77725394348575,0.0,0.0
2.2,0.0383440126427962,18.39261936531982,1320.0071995251205,0.0,1.0,0.4416454708147852,-0.0042915531168916665,0.4411047268371483,-0.04263175266647119,-0.000540743977636815,-0.038340199549579346,14.929836970028955,21.29969160066483,14.929836970028955,21.29969160066483,0.0,0.0
2.22,0.010282520059823082,23.384888857031633,1323.5413756726969,0.0,1.0,0.44327434681911715,-0.04506953419439208,0.4330743506819967,-0.04376941974427908,-0.010199996137120415,0.0013001144501130213,30.521152922962706,-12.734413137815565,30.521152922962706,-12.734413137815565,0.0,0.0
2.24,0.0369508836302702,18.520007412954833,1321.1281180871663,0.0,1.0,0.4243464488427331,-0.007913266386028628,0.42499053735675224,-0.04485853605677094,0.0006440885140190922,-0.03694526967074241,15.184520586428357,21.340376840912093,15.184520586428357,21.340376840912093,0.0,0.0
2.2600000000000002,0.009537187435633414,23.540629946237665,1323.5482013928372,0.0,1.0,0.4259753668672497,-0.04870487434197823,0.41685970330888744,-0.04590083759593748,-0.009115663558362463,0.0028040367460406834,30.77652326680301,-12.693625649881746,30.77652326680301,-12.693625649881746,0.0,0.0
2.2800000000000002,0.0353254290349582,18.630818375194487,1321.5701757475879,0.0,1.0,0.40706345634079266,-0.011610045331586605,0.4086881960373681,-0.04689809086293113,0.0016247396965756167,-0.03528804553134446,15.401655506102577,21.37764707189052,15.401655506102577,21.37764707189052,0.0,0.0
2.3000000000000003,0.009438664712592706,23.66333568397108,1323.2929376161846,0.0,1.0,0.40871306925969364,-0.05247189987197087,0.40048228790512175,-0.047852091450621116,-0.008230781354571892,0.004619808421349791,30.980116371341808,-12.654615798305276,30.980116371341808,-12.654615798305276,0.0,0.0
2.3200000000000003,0.033369561545265075,18.732460869635343,1321.5677178959054,0.0,1.0,0.3898329020518281,-0.01548262363685371,0.39224817006783474,-0.0487646626088592,0.0024152680160067774,-0.033282038972005434,15.597659334641985,21.413154922740702,15.597659334641985,21.413154922740702,0.0,0.0
2.34,0.010144544818314102,23.774467414634508,1323.0706961762255,0.0,1.0,0.39151384256470845,-0.05644447901115246,0.38399194652546975,-0.04963765379335355,-0.007521896039238918,0.006806825217799073,31.164951300361665,-12.617306057361127,31.164951300361665,-12.617306057361127,0.0,0.0
2.36,0.031035352216609625,18.827970546588816,1321.487566668247,0.0,1.0,0.3726745704360317,-0.019587332360309517,0.37571962830275124,-0.05047293919905168,0.0030450578667196027,-0.030885606838741975,15.780179436271272,21.446931873009554,15.780179436271272,21.446931873009554,0.0,0.0
2.38,0.011690621191700919,23.878436405413023,1322.869953231406,0.0,1.0,0.3743934496044359,-0.060668171187952424,0.3674371277647186,-0.05127241627894602,-0.006956321839717283,0.00939575490900646,31.337845924740698,-12.58168761064751,31.337845924740698,-12.58168761064751,0.0,0.0
2.4,0.028296488808900913,18.919231764221795,1321.3592544469386,0.0,1.0,0.35560233915294104,-0.023964821570267247,0.35915025307328496,-0.05203800424922406,0.003547913920344037,-0.028073182678956865,15.953955021533426,21.478965996238422,15.953955021533426,21.478965996238422,0.0,0.0
2.42,0.014009831054316198,23.977667125878842,1322.6762995081021,0.0,1.0,0.3573652015073874,-0.0651820770061291,0.35086470279058335,-0.05277164258168974,-0.006500498716803804,0.012410434424439565,31.50254352770238,-12.547780396712351,31.50254352770238,-12.547780396712351,0.0,0.0
2.44,0.02513243001370678,19.007266213442875,1321.1991746138717,0.0,1.0,0.33863020292909596,-0.028656139051577156,0.3425860606347034,-0.05347528948439523,0.003955857705607357,-0.024819150432818127,16.12158271514568,21.509228451436606,16.12158271514568,21.509228451436606,0.0,0.0
2.46,0.017019462422035208,24.073256112938186,1322.4765918830042,0.0,1.0,0.34044424624672853,-0.07003025101329641,0.33431979039325654,-0.054150920371422974,-0.006124455853472099,0.015879330641873413,31.660744071517556,-12.515614431425146,31.660744071517556,-12.515614431425146,0.0,0.0
2.48,0.021523236613272594,19.09249371028017,1321.0155158734146,0.0,1.0,0.3217751584917714,-0.03371039888563088,0.3260712310000181,-0.05480052632277089,0.004296072508246596,-0.021090127437140005,16.284188604733576,21.53768403611774,16.284188604733576,21.53768403611774,0.0,0.0
2.5,0.020671708287995215,24.165448887938343,1322.2600886628184,0.0,1.0,0.32364933434407384,-0.07526637704437977,0.31784559177971095,-0.05542611253529213,-0.005803742564363112,0.019840264509087824,31.81284369500161,-12.485223904620899,31.81284369500161,-12.485223904620899,0.0,0.0
2.52,0.023732806755619253,19.17494642116796,1320.8109698162964,0.0,1.0,0.31275034840413607,-0.07955885372886229,0.3096479478658043,-0.056029696765653184,-0.003102400538331551,0.023529156963209008,16.441971370087504,21.564292661122614,16.441971370087504,21.564292661122614,0.0,0.0
2.54,0.022030354405962675,19.227224387664222,575.2622791169388,0.0,1.0,0.29883447423587883,-0.07848384908215911,0.3014832357960002,-0.05661330776627162,0.002648761560121393,0.021870541315887504,25.888405494456293,8.316416070747358,25.888405494456293,8.316416070747358,0.0,0.0
2.56,0.02576689564062387,20.535591063076,164.3493136152753,0.0,1.0,0.28475928533238903,-0.08146941643404304,0.2933562492898822,-0.05717898371520563,0.008596963957493209,0.02429043271883735,28.67569387320018,4.596257337256413,28.67569387320018,4.596257337256413,0.0,0.0
2.58,0.029235503191226347,21.64133098381101,120.18327653211395,0.0,1.0,0.26858542273696395,-0.08173470657458726,0.2852716352129873,-0.05772877064096427,0.01668621247602342,0.02400593593362288,29.575128111849573,7.874402242037293,29.575128111849573,7.874402242037293,0.0,0.0
2.6,0.037002057610682676,22.80491506737363,118.4314754687962,0.0,1.0,0.2522191813302257,-0.08553038846810113,0.27723388973135654,-0.05826472084321671,0.025014708401130736,0.027265667624884582,31.800665384742587,5.370845701366245,31.800665384742587,5.370845701366245,0.0,0.0
2.62,0.04510187311711006,23.874880529993654,113.1618662397399,0.0,1.0,0.23394835821591986,-0.08686307533564053,0.26924735466039995,-0.05878889131037465,0.03529899644447987,0.028074184025265847,32.69094349873027,8.44523852864827,32.69094349873027,8.44523852864827,0.0,0.0
2.64,0.05547457773336528,24.88197168622288,88.85487391107839,0.0,1.0,0.215068016051581,-0.08993882744435355,0.26131621401169025,-0.05930334213503026,0.04624819796010904,0.03063548530932314,34.536935384246654,6.7398163366938615,34.536935384246654,6.7398163366938615,0.0,0.0
2.66,0.06679850902714066,25.453020962504116,61.24597215917502,0.0,1.0,0.1946365293523522,-0.0914907991502858,0.2534444907410802,-0.05981013492822658,0.058807961388728014,0.031680664222059285,35.0,8.409075587444073,35.0,8.409075587444073,0.0,0.0
2.68,0.07970785175500376,25.25973767750959,44.54917791932313,0.0,1.0,0.17329193544870147,-0.09377282600788694,0.24563604370130399,-0.060311331233544346,0.07234410825260262,0.03346149477434279,35.0,7.149034555322498,35.0,7.149034555322498,0.0,0.0
2.7,0.09383923144192115,25.379078153308175,28.30220726430443,0.0,1.0,0.15049029865013708,-0.0949600614386008,0.23789456480199875,-0.06080899094198301,0.0874042661518617,0.03415107049661792,35.0,7.949541862487971,35.0,7.949541862487971,0.0,0.0
2.72,0.10942542122790977,25.218662859791717,38.77298463164182,0.0,1.0,0.12678380218081609,-0.09700021132436332,0.23022357637984397,-0.061305170708619156,0.10343977419902783,0.035695040615744134,35.0,6.852876248092942,35.0,6.852876248092942,0.0,0.0
2.74,0.1263098825868316,25.357082646700068,33.76513941246075,0.0,1.0,0.10153568896444343,-0.09773546060178795,0.2226264287812803,-0.06180192237201821,0.12109073981683682,0.035933538229769635,35.0,7.807898609943348,35.0,7.807898609943348,0.0,0.0
2.7600000000000002,0.14455225450159834,25.156041676922094,50.6266756753122,0.0,1.0,0.07551384598919508,-0.09984195704047005,0.21510629816003024,-0.06230129137738008,0.13959245217083538,0.03754066566308989,35.0,6.375959982785536,35.0,6.375959982785536,0.0,0.0
2.7800000000000002,0.1641891009717634,25.375333135155472,54.78788781490536,0.0,1.0,0.04772952912733164,-0.09993114379946055,0.20766618449140167,-0.06280531520439024,0.1599366553640702,0.03712582859507041,35.0,7.9255954628178324,35.0,7.9255954628178324,0.0,0.0
2.8000000000000003,0.18504407914019794,25.090898953730797,73.73445075041587,0.0,1.0,0.01939261964091621,-0.10218255210728788,0.2003089098051107,-0.0633160218007518,0.1809162901641943,0.038866530306536085,35.0,5.840070257510449,35.0,5.840070257510449,0.0,0.0
2.8200000000000003,0.20744187937069003,25.39886489988802,79.01462216307361,0.0,1.0,-0.010924739837938624,-0.10167316605842736,0.19303711663811463,-0.06383542802236392,0.20396185647605325,0.037837738036063495,35.0,8.074941263286538,35.0,8.074941263286538,0.0,0.0
2.84,0.2308972964529848,25.051627908541032,91.30126645018312,0.0,1.0,-0.04165088847481346,-0.10380436265201709,0.18585326670869778,-0.06436553808111424,0.22750415518351108,0.03943882457090275,35.0,5.492551477772766,35.0,5.492551477772766,0.0,0.0
2.86,0.2559966987041821,25.375729783867943,86.1108802312466,0.0,1.0,-0.07437752965861577,-0.10306437926188838,0.1787596398128073,-0.06490834200124311,0.2531371694714233,0.03815603726064509,35.0,7.928134971591049,35.0,7.928134971591049,0.0,0.0
2.88,0.2820272928942353,25.033690444132965,91.98264150296944,0.0,1.0,-0.10748589765506633,-0.10498863805733016,0.17175833294338577,-0.06546581408523498,0.27924423059845216,0.03952282397209528,35.0,5.326472989263015,35.0,5.326472989263015,0.0,0.0
2.9,0.3097213786146627,25.332628042959925,82.06030598940167,0.0,1.0,-0.14250261461114544,-0.10426200392792451,0.16485125963319203,-0.06603991139018774,0.30735387424433736,0.038222092537736785,35.0,7.647488942516975,35.0,7.647488942516975,0.0,0.0
2.92,0.3382514727480671,25.02560214553101,84.7673158190643,0.0,1.0,-0.177906392353405,-0.10605312292994151,0.1580401495213616,-0.06663257221559979,0.3359465418747667,0.03942055071434192,35.0,5.249907188971292,35.0,5.249907188971292,0.0,0.0
2.94,0.3684120815962335,25.294513360584805,75.69411435696166,0.0,1.0,-0.2151000495672366,-0.10544270867449734,0.15132654814369806,-0.06724571460351478,0.36642659771093467,0.03819699407098254,35.0,7.390860051279996,35.0,7.390860051279996,0.0,0.0
2.96,0.39931675550889734,25.019355467912945,77.81148553744593,0.0,1.0,-0.2526623147470901,-0.10722168084540185,0.14471181694644206,-0.06788123485194822,0.3973741316935322,0.03934044599345343,35.0,5.190018888170917,35.0,5.190018888170917,0.0,0.0
2.98,0.4317936697159243,25.269362351452965,71.6554392049033,0.0,1.0,-0.29190148773066893,-0.1067633712549112,0.13819713352301,-0.06854100604252159,0.4300986212536788,0.03822236521238942,35.0,7.216740766998417,35.0,7.216740766998417,0.0,0.0
3.0,0.464902963012914,25.011621772633745,74.31044489125944,0.0,1.0,-0.3314441853608927,-0.10865889247681171,0.13178349207295156,-0.06922687658321174,0.4632276774338444,0.0394320158935999,35.0,5.114923987174466,35.0,5.114923987174466,0.0,0.0
3.02,0.499515706008165,25.25827551012577,71.55110337302084,0.0,1.0,-0.3725637545335294,-0.10836751498607944,0.12547170408211994,-0.06994066876712161,0.49803545861564924,0.038426846218957866,35.0,7.138694803032173,35.0,7.138694803032173,0.0,0.0
3.04,0.5346168150701088,25.0015608977551,75.06326075696668,0.0,1.0,-0.41386936012268816,-0.11050460091303593,0.11926239922280549,-0.07068417734816622,0.5331317593454936,0.03982042356486959,35.0,5.0155851750631655,35.0,5.0155851750631655,0.0,0.0
3.06,0.5711463078201494,25.259783684842827,75.44032054455502,0.0,1.0,-0.4566610819466299,-0.11040230475236301,0.11315602647233944,-0.07145916813455477,0.5698171084189694,0.03894313661780835,35.0,7.149359664340833,35.0,7.149359664340833,0.0,0.0
3.08,0.6079870759119327,24.989972565353806,79.57212844803799,1.0,1.0,-0.4994756478234956,-0.11288933487493313,0.1071528554484231,-0.07226737660094575,0.606628503271919,0.04062195827398751,35.0,4.898719999578646,35.0,4.898719999578646,0.0,0.0
3.1,0.6461685707235233,25.270074756582034,82.13073818629209,1.0,1.0,-0.5436814579784084,-0.11302786029903755,0.10125297795920749,-0.07311050652013378,0.6449344359376159,0.03991735377890393,35.0,7.221728076194009,35.0,7.221728076194009,0.0,0.0
3.12,0.6844627966371337,24.979070826762666,86.10800384872505,1.0,1.0,-0.5877197667669729,-0.11593982257597002,0.09545630976589761,-0.07399022861512121,0.6831760765328703,0.04194959396084874,35.0,4.786225938759176,35.0,4.786225938759176,0.0,0.0
3.14,0.7239830902952619,25.283246937239603,89.34748069030707,1.0,1.0,-0.6330300295559015,-0.11640926903624571,0.08976259255542815,-0.07490817923241094,0.7227926221113297,0.04150108980383482,35.0,7.313354317881186,35.0,7.313354317881186,0.0,0.0
3.16,0.7634145190488187,24.971947101685398,91.99675126579497,1.0,1.0,-0.677978998298391,-0.1197806966734416,0.08417139612051347,-0.0758659590373465,0.7621503944189048,0.043914737636095325,35.0,4.7112932511941565,35.0,4.7112932511941565,0.0,0.0
3.18,0.8039162754252484,25.293493448869814,94.49006185677825,1.0,1.0,-0.7240384184574986,-0.12069564436232882,0.07868212074415545,-0.07686513173231399,0.8027205392016539,0.043830512630014695,35.0,7.383875790940726,35.0,7.383875790940726,0.0,0.0
3.2,0.8441386122908817,24.97180400484277,94.54370275139112,1.0,1.0,-0.7695559450352212,-0.124533044787706,0.07329399978545453,-0.0779072227986018,0.8428499448206757,0.04662582198910403,35.0,4.709776057580969,35.0,4.709776057580969,0.0,0.0
3.22,0.8852298139926807,25.297826352060017,95.59120553799869,1.0,1.0,-0.8159745214334269,-0.1260052078857501,0.06800610246335229,-0.07899371826270565,0.8839806238967789,0.047011489623044245,35.0,7.413503643889606,35.0,7.413503643889606,0.0,0.0
3.24,0.925953974536113,24.999508890071233,85.50395688100217,1.0,1.0,-0.8617962521351163,-0.12993042124461818,0.06281733683470855,-0.08012606348784787,0.9246135889698248,0.04980435775677039,35.0,4.995086534736054,35.0,4.995086534736054,0.0,0.0
3.2600000000000002,0.9671776872229583,25.25694889156351,75.45588069022408,1.0,1.0,-0.9081105107851926,-0.13221379611369288,0.05772645296290502,-0.08130566199146905,0.9658369637480977,0.050908134122223725,35.0,7.129301131394475,35.0,7.129301131394475,0.0,0.0
3.2800000000000002,1.008034445244441,25.055285627710894,56.69165394606855,1.0,1.0,-0.9538800425017486,-0.1360646647926802,0.05273204627295153,-0.08253387428942852,1.0066120887747,0.0535307905032516,35.0,5.525819013716628,35.0,5.525819013716628,0.0,0.0
3.3000000000000003,1.0489407982305456,25.199646162447166,41.920419774894015,1.0,1.0,-0.9996410587177849,-0.1392720384200281,0.04783256108886719,-0.08381201676764202,1.0474736198066523,0.05546002165238617,35.0,6.711507537437196,35.0,6.711507537437196,0.0,0.0
3.3200000000000003,1.0894431100112874,25.111666615710206,24.591831146815963,1.0,1.0,-1.0448644089225616,-0.14328005412233624,0.04302629434889929,-0.08514136058186084,1.0878907032714604,0.058138693540475295,35.0,6.015945514808871,35.0,6.015945514808871,0.0,0.0
3.3400000000000003,1.1296121549852642,25.167365273929374,15.866423645737862,1.0,1.0,-1.089663636731661,-0.14731736010082175,0.038311399493957926,-0.08652313058628872,1.1279750362256191,0.06079422951453317,35.0,6.4647157449320645,35.0,6.4647157449320645,0.0,0.0
3.36,1.1692395090142935,25.147579465612818,5.510917047060018,1.0,1.0,-1.1338103570960936,-0.15178280398990784,0.03368589052443735,-0.08795850429170529,1.167496247620531,0.06382429969820258,35.0,6.308843472350757,35.0,6.308843472350757,0.0,0.0
3.38,1.2084153495461416,24.49858845734629,34.1139191508718,1.0,1.0,-1.1774333341851866,-0.15600681652496018,0.029147646220420112,-0.08944861085375813,1.2065809804056062,0.06655820567120196,34.043393529005314,6.434984835578161,34.043393529005314,6.434984835578161,0.0,0.0
3.4,1.247028233667198,23.73141564199259,38.69865096541232,1.0,1.0,-1.2204128511633743,-0.16018493770342612,0.024694414520070693,-0.09099453009205902,1.245107265683445,0.06919040761136719,33.00349357529814,6.093405334562576,33.00349357529814,6.093405334562576,0.0,0.0
3.42,1.2850231358857114,22.979726136642668,37.59110938921289,1.0,1.0,-1.2626988187020785,-0.1642727818225458,0.020323817050855827,-0.09259729154070664,1.2830226357529337,0.07167549028183906,31.961675037581365,5.881067541037487,31.961675037581365,5.881067541037487,0.0,0.0
3.44,1.3223267129815424,22.225187918339053,37.7783263102133,1.0,1.0,-1.304218612649842,-0.16830300118031616,0.01603335380805486,-0.09425787353083837,1.3202519664578967,0.07404512764947757,30.92208601554045,5.634052933589306,30.92208601554045,5.634052933589306,0.0,0.0
3.46,1.3588721403798318,21.477862411378656,37.39017510623522,1.0,1.0,-1.3449077651712353,-0.17228026968920274,0.011820407974862251,-0.0959772023057929,1.3567281731460978,0.07630306738340975,29.88896546472041,5.408039475907597,29.88896546472041,5.408039475907597,0.0,0.0
3.48,1.3945904363382289,20.738183717542793,37.00926451254042,1.0,1.0,-1.3846992037661212,-0.1762186892913964,0.007682250878228186,-0.09775615116944986,1.3923814546443491,0.07846253812194659,28.86636604158261,5.184345605617009,28.86636604158261,5.184345605617009,0.0,0.0
3.5,1.4294138722955638,20.009889086359614,36.43262496118768,1.0,1.0,-1.4235274550913894,-0.18012778499197069,0.0036160470744315137,-0.09959553966828791,1.427143502165821,0.08053224532368297,27.8582112238832,4.97105521014756,27.8582112238832,4.97105521014756,0.0,0.0
3.52,1.4632748312724435,19.295288823343718,35.74423067813344,1.0,1.0,-1.4613271979754245,-0.18401794090860468,-0.0003811404417618236,-0.10149613280768888,1.460946057533663,0.0825218081009158,26.868233155127434,4.765961463778004,26.868233155127434,4.765961463778004,0.0,0.0
3.54,1.4961064767465415,18.59704166544565,34.92225110153828,1.0,1.0,-1.498034059008196,-0.18789814880716804,-0.004312344910646068,-0.10345864030298799,1.4937217140975498,0.08443950850418025,25.89996169054828,4.570766001533477,25.89996169054828,4.570766001533477,0.0,0.0
3.56,1.5278426982426128,17.917428029329624,33.98730085162391,1.0,1.0,-1.5335845055420974,-0.19177688611923127,-0.00818069037023475,-0.10548371586575911,1.5254038151718623,0.08629317025347216,24.956698334283377,4.385391957851776,24.956698334283377,4.385391957851776,0.0,0.0
3.58,1.5584183759704624,17.258630068171946,32.94378038454954,1.0,1.0,-1.567916131425326,-0.19566167096009357,-0.011989386114577859,-0.10757195652579152,1.5559267453107477,0.08808971443430202,24.041502347749834,4.210319289930028,24.041502347749834,4.210319289930028,0.0,0.0
3.6,1.5877695232825981,16.622599982615622,31.803430046639296,1.0,1.0,-1.600967787546546,-0.19955918001978645,-0.015741721054382887,-0.1097239019892047,1.5852260664921634,0.08983527803058156,23.157177800457866,4.045587309907812,23.157177800457866,4.045587309907812,0.0,0.0
3.62,1.6158334961955383,16.011107671688517,30.57528684176156,1.0,1.0,-1.6326797928939045,-0.20347511814034513,-0.019441057986705937,-0.1119400340331175,1.613238734907199,0.09153508410722777,22.30626647026707,3.891222674975694,22.30626647026707,3.891222674975694,0.0,0.0
3.64,1.6425491853588532,15.425715353076711,29.269698481210895,1.0,1.0,-1.6629941213513095,-0.2074141987678182,-0.02309082778057002,-0.11422077593727376,1.6399032935707396,0.09319342283054421,21.491044410143935,3.7470519704848244,21.491044410143935,3.7470519704848244,0.0,0.0
3.66,1.66785722575964,14.867788782307333,27.89636678636759,1.0,1.0,-1.6918546086047763,-0.21138007981935836,-0.026694523485465194,-0.11656649195299712,1.665160085119311,0.09481358786636118,20.71352299676905,3.612790003989603,20.71352299676905,3.612790003989603,0.0,0.0
3.68,1.6917002056476276,14.338496541289638,26.464983092176286,1.0,1.0,-1.7192071566331677,-0.21537532862461362,-0.0302556943697671,-0.11897748680983222,1.6889514622634003,0.0963978418147815,19.975453829028368,3.488009526005597,19.975453829028368,3.488009526005597,0.0,0.0
3.7,1.714022879680112,13.838818777516918,24.984759413457773,1.0,1.0,-1.7449999425495293,-0.21940138757343242,-0.03377793989619469,-0.12145400526020297,1.7112220026533347,0.09794738231322953,19.278337388080615,3.372168125293104,19.278337388080615,3.372168125293104,0.0,0.0
3.72,1.7347723802942923,13.369555564511925,23.464471814976907,1.0,1.0,-1.7691836248999442,-0.2234585581301669,-0.03726490364148257,-0.12399623166239826,1.7319187212584612,0.09946232646776876,18.62343502868865,3.2646132569350703,18.62343502868865,3.2646132569350703,0.0,0.0
3.74,1.753898425864356,12.931339019467716,21.912313473786092,1.0,1.0,-1.7917115462059772,-0.2275460004096428,-0.040720267167521904,-0.12660428960217124,1.7509912790384554,0.10094171080747172,18.011783939744014,3.1646006036775245,18.011783939744014,3.1646006036775245,0.0,0.0
3.7600000000000002,1.7713535219216219,12.524647024499723,20.33587196411286,1.0,1.0,-1.8125399276969127,-0.23166175457041538,-0.04414774385126145,-0.12927824155321652,1.7683921838456511,0.10238351301719906,17.444214607434,3.0713096402684292,17.444214607434,3.0713096402684292,0.0,0.0
3.7800000000000002,1.787093152628515,12.14981919081722,18.742099684858665,1.0,1.0,-1.83162805330202,-0.2358027858538816,-0.04755107268071733,-0.13201808857676572,1.7840769806213022,0.1037846972771157,16.921370301470112,2.9838632441226447,16.921370301470112,2.9838632441226447,0.0,0.0
3.8000000000000003,1.8010759593623997,11.807074413146767,17.137345393734492,1.0,1.0,-1.8489384395293917,-0.23996505627045872,-0.050934012024468005,-0.13482377006052065,1.7980044275049236,0.10514128620993812,16.443728065473522,2.9013479115625715,16.443728065473522,2.9013479115625715,0.0,0.0
3.8200000000000003,1.813263903661497,11.496529870029653,15.527433879423297,1.0,1.0,-1.8644369883165537,-0.24414362419163682,-0.0543003333820439,-0.13769516349711614,1.8101366549345101,0.10644846069452063,16.011620680393335,2.822835682814094,16.011620680393335,2.822835682814094,0.0,0.0
3.8400000000000003,1.8236224120433342,11.218221005698059,13.917830800829037,1.0,1.0,-1.8780931202183138,-0.24833277218088057,-0.057653815122638785,-0.14063208430228474,1.8204393050956753,0.10770068787859577,15.625259061282112,2.7474068379458467,15.625259061282112,2.7474068379458467,0.0,0.0
3.86,1.8321205006949943,10.972122047318793,12.313939009314831,1.0,1.0,-1.8898798858641033,-0.252526161680378,-0.060998236219588636,-0.14363428567287104,1.828881649644515,0.10889187600750683,15.284754553180193,2.674173272537827,15.284754553180193,2.674173272537827,0.0,0.0
3.88,1.8387308785663876,10.758166460670502,10.721640201698571,1.0,1.0,-1.89977405424006,-0.2567170114558701,-0.06433736998805534,-0.14670145848481958,1.835436684252005,0.11001555297105048,14.990140606328938,2.602302018113899,14.990140606328938,2.602302018113899,0.0,0.0
3.9,1.8434300280114224,10.576266666249621,9.14833992111711,1.0,1.0,-1.9077561770817668,-0.2608982948053806,-0.06767497783335719,-0.14983323123123352,1.8400811992484094,0.11106506357414725,14.741393335885357,2.531038464338408,14.741393335885357,2.531038464338408,0.0,0.0
3.92,1.84619826275371,10.426332246654672,7.605169203982344,1.0,1.0,-1.9138106294226314,-0.2650629487380525,-0.07101480301737811,-0.15302917000058455,1.8427958264052533,0.11203377873746811,14.538450505157304,2.459728672913627,14.538450505157304,2.459728672913627,0.0,0.0
3.94,1.847019764042941,10.30828583707175,6.112152310128595,1.0,1.0,-1.9179256276494552,-0.26920408532861106,-0.07436056445045251,-0.15628877849512343,1.8435650631990024,0.1129153068334876,14.38122851351599,2.3878400783098432,14.38122851351599,2.3878400783098432,0.0,0.0
3.96,1.8458826203088154,10.222075764936942,4.71188304484201,1.0,1.0,-1.9200932555181796,-0.27331512147700154,-0.07771595051610797,-0.15961149808952077,1.8423773050020715,0.11370362338748086,14.269637011973563,2.3149784955235626,14.269637011973563,2.3149784955235626,0.0,0.0
3.98,1.8429188420975584,9.579545455730138,32.234954624629914,1.0,1.0,-1.9204765162614639,-0.2769584758124024,-0.08108461293600246,-0.16299670792974277,1.8393919033254615,0.11396176788265944,13.360914363896645,2.240836816330047,13.360914363896645,2.240836816330047,0.0,0.0
4.0,1.8382017374967987,8.623946511191262,48.7285344627987,1.0,1.0,-1.9191541346541265,-0.2801114134773215,-0.0844701606823492,-0.16644372507214134,1.834683973971777,0.11366768840518038,12.067911730771815,1.763636389417011,12.067911730771815,1.763636389417011,0.0,0.0
4.02,1.8318012805425319,7.733388551050111,46.65712256073377,1.0,1.0,-1.9161970034362314,-0.28281810925877693,-0.08787615394506765,-0.169951804662718,1.8283208494911634,0.11286630459605895,10.869369740290244,1.2113622133320345,10.869369740290244,1.2113622133320345,0.0,0.0
4.04,1.8237559858570864,6.919635485719936,42.712905565093976,1.0,1.0,-1.9116399385151515,-0.28519200595299266,-0.09130609816083818,-0.17352014015649195,1.820333840354313,0.11167186579650057,9.757998067190323,0.7376884377425563,9.757998067190323,0.7376884377425563,0.0,0.0
4.06,1.8141478053835791,6.1632272724408494,39.09290878350738,1.0,1.0,-1.9055727133833364,-0.2871570830374819,-0.09476343811116521,-0.1771478635768818,1.8108092752721712,0.11000921946060016,8.707234869995052,0.39344852555270915,8.707234869995052,0.39344852555270915,0.0,0.0
4.08,1.8030357812203768,5.4831337948228285,36.224709080714554,1.0,1.0,-1.8980554102033775,-0.2887418801205244,-0.09825155209648272,-0.18083404581498919,1.7998038581068947,0.1079078343055353,7.7543035188101275,0.017010644468993696,7.7543035188101275,0.017010644468993696,0.0,0.0
4.1,1.7904898547679966,4.867819425280703,33.13494207545389,1.0,1.0,-1.8891612548768788,-0.289933350964124,-0.10177374619323988,-0.18457769696864,1.787387508683639,0.10535565399548386,6.877029256921764,-0.31273073677269236,6.877029256921764,-0.31273073677269236,0.0,0.0
4.119999999999999,1.7765737689191796,4.324424857261598,30.18703487613726,1.0,1.0,-1.878955070781251,-0.29074958069867174,-0.10533324860082233,-0.18837776672102755,1.773621822180429,0.10237181397764417,6.083376012673375,-0.6275643239016837,6.083376012673375,-0.6275643239016837,0.0,0.0
4.14,1.7613499136360147,3.8487540288439055,27.261893105052803,1.0,1.0,-1.867499521257446,-0.29121812529783275,-0.10893320408505196,-0.19223314475876735,1.7585663171723942,0.09898498053906524,5.366209171086284,-0.9108316426397576,5.366209171086284,-0.9108316426397576,0.0,0.0
4.159999999999999,1.7448784152170942,3.439087255119375,24.414440848949425,1.0,1.0,-1.854854139028014,-0.29137868208172746,-0.11257666852491179,-0.19614266122915608,1.7422774705031019,0.09523602085257155,4.722834133337665,-1.1616712295781895,4.722834133337665,-1.1616712295781895,0.0,0.0
4.18,1.7272204448564628,3.0920798064049864,21.658087517107532,1.0,1.0,-1.8410796000455585,-0.2912675373777258,-0.11626660356901643,-0.20010508723640227,1.7248129964765422,0.09116245014132351,4.14990298910589,-1.3784847621083796,4.14990298910589,-1.3784847621083796,0.0,0.0
4.199999999999999,1.7084393776671243,2.8068076920148086,18.985505975164823,1.0,1.0,-1.8262392210155844,-0.29091120789071523,-0.12000587140823016,-0.20411913537657206,1.7062333496073538,0.08679207251414311,3.6470631038228394,-1.5669299782189094,3.6470631038228394,-1.5669299782189094,0.0,0.0
4.22,1.688599633151226,2.582939333511542,16.3800401260205,1.0,1.0,-1.810397554276477,-0.29033007386355303,-0.12379722967070424,-0.20818346031097307,1.6866003246057728,0.08214661355258013,3.214974895667467,-1.7340956206132514,3.214974895667467,-1.7340956206132514,0.0,0.0
4.239999999999999,1.6677651572152281,2.4178428028261543,13.84762009376148,1.0,1.0,-1.7936185733842427,-0.28954364125019616,-0.12764332644546558,-0.21229665937767048,1.6659752469387774,0.07724698187252566,2.853271514983737,-1.8843485081425029,2.853271514983737,-1.8843485081425029,0.0,0.0
4.26,1.6459981740354968,2.305769954674961,11.406635445209508,1.0,1.0,-1.775964240772988,-0.2885747158675773,-0.13154669544054848,-0.21645727324081643,1.6444175453324394,0.07211744262676101,2.560283489613174,-2.019430271283892,2.560283489613174,-2.019430271283892,0.0,0.0
4.279999999999999,1.6233583000789333,2.238477024345353,9.07703770118398,1.0,1.0,-1.7574935661211493,-0.28745207023102015,-0.1355097512815025,-0.22066378657743999,1.6219838148396466,0.06678828365358003,2.333318823036951,-2.139434983145202,2.333318823036951,-2.139434983145202,0.0,0.0
4.3,1.5999011273784947,2.2077199059570916,6.919173656339032,1.0,1.0,-1.7382611081431443,-0.28621520739059303,-0.13953478495596436,-0.2249146288013326,1.5987263231871802,0.061300578589260635,2.1690156102038243,-2.2457572551392353,2.1690156102038243,-2.2457572551392353,0.0,0.0
4.319999999999999,1.5756737186352519,2.209990817210615,5.204133571537063,1.0,1.0,-1.7183120571588724,-0.28493126164826954,-0.14362395940980513,-0.229208174823633,1.5746880977490676,0.055723086824636336,2.062961610992505,-2.347830533893299,2.062961610992505,-2.347830533893299,0.0,0.0
4.34,1.550719048886755,2.232839757029577,3.733272140914311,1.0,1.0,-1.6976877604808256,-0.28367605952291086,-0.14777930530020253,-0.23354274584970253,1.5499084551806233,0.0501333136732085,2.007326645923344,-2.4375779982822987,2.007326645923344,-2.4375779982822987,0.0,0.0
4.359999999999999,1.5250789682649444,2.268319615555442,2.565070595050287,1.0,1.0,-1.6764292476256295,-0.28252167603223466,-0.1520027169108085,-0.2379166102118508,1.5244265307148215,0.04460506582038404,1.9981760862313802,-2.509549777358525,1.9981760862313802,-2.509549777358525,0.0,0.0
4.38,1.4987959598392289,2.312957902235773,2.2373156371839005,1.0,1.0,-1.6545791611231158,-0.2815293006065742,-0.15629594823400295,-0.24232798423745855,1.4982832128891133,0.03920131636911561,2.03402482721525,-2.5616969995106347,2.03402482721525,-2.5616969995106347,0.0,0.0
4.3999999999999995,1.4719143451989323,2.3666988007531473,3.076784132391998,1.0,1.0,-1.6321829164437065,-0.2807447102219003,-0.16066060922503292,-0.2467750331520167,1.4715223072186738,0.03396967706988363,2.114696348545209,-2.594337252637431,2.114696348545209,-2.594337252637431,0.0,0.0
4.42,1.4444809395598308,2.432333142400395,4.491179457109034,1.0,1.0,-1.6092891618834773,-0.2801961774607178,-0.16509816223265153,-0.25125587201658445,1.444190999650826,0.028940305444133507,2.240772744461699,-2.609870981277876,2.240772744461699,-2.609870981277876,0.0,0.0
4.4399999999999995,1.4165447725696592,2.51472036798322,6.093448920372505,1.0,1.0,-1.5859491988802519,-0.27989605848437416,-0.16960991861066144,-0.255768566699145,1.4163392802695904,0.024127491785228994,2.4131031280208624,-2.6123878639733515,2.4131031280208624,-2.6123878639733515,0.0,0.0
4.46,1.3881554549871578,2.619309833588295,7.744940761421588,1.0,1.0,-1.5622150118070472,-0.27984737555051753,-0.17419703551457832,-0.2603111348793209,1.3880179762924687,0.019536240671196747,2.6320832859606,-2.606473783568815,2.6320832859606,-2.606473783568815,0.0,0.0
4.4799999999999995,1.3593608797517467,2.749959476696478,9.364532181990068,1.0,1.0,-1.5381367317580796,-0.2800526450059633,-0.1788605128874112,-0.2648815470858861,1.3592762188706686,0.015171097920076981,2.8967007250574284,-2.5949333626120925,2.8967007250574284,-2.5949333626120925,0.0,0.0
4.5,1.3302059148097194,2.90758695798193,10.888795135399498,1.0,1.0,-1.5137612818415502,-0.28051890365766186,-0.183601190638351,-0.26947772776649725,1.330160091203199,0.011041175891164379,3.2041656377924643,-2.5771003864892874,3.2041656377924643,-2.5771003864892874,0.0,0.0
4.52,1.3007325182826173,3.091036941358691,12.29220305225227,1.0,1.0,-1.4891325576296746,-0.28125757223607417,-0.18841974601793807,-0.2740975563890426,1.3007128116117368,0.00716001584703152,3.550762345921928,-2.5497265556273256,3.550762345921928,-2.5497265556273256,0.0,0.0
4.54,1.2709807244936302,3.2987158219287553,13.588353354306022,1.0,1.0,-1.4642924789914469,-0.28228130624219583,-0.19331669119306352,-0.27873886857399277,1.270975787798383,0.003542437668202947,3.932934978762835,-2.5089987246927783,3.932934978762835,-2.5089987246927783,0.0,0.0
4.56,1.240990147399347,3.5296701146619944,14.80824755466972,1.0,1.0,-1.4392825023545548,-0.2835991688845034,-0.1982923710249305,-0.28339945725711313,1.2409901313296245,0.00019971162739018666,4.3478966595638715,-2.4521290493017216,4.3478966595638715,-2.4521290493017216,0.0,0.0
4.58,1.2108014239600908,3.784182757991831,15.982517334507218,1.0,1.0,-1.4141449956091687,-0.2852121518220163,-0.20334696105287878,-0.2880770738818851,1.2107980345562899,-0.0028649220598686576,4.7939453204737745,-2.378690092482188,4.7939453204737745,-2.378690092482188,0.0,0.0
4.6,1.1803918454815274,4.100318774360448,16.902141697811057,1.0,1.0,-1.3888597988461842,-0.2873344752195388,-0.20848046568673698,-0.2927694296209602,1.180379333159447,-0.005434954401421166,5.270360183584844,-2.418373758960567,5.270360183584844,-2.418373758960567,0.0,0.0
4.62,1.1498207610396542,4.370528579673708,16.75697828657642,1.0,1.0,-1.3634885107996633,-0.28989698197257674,-0.213692716610145,-0.29747419662595953,1.1497957941895187,-0.007577214653382569,5.7322043393288915,-2.3118982554750085,5.7322043393288915,-2.3118982554750085,0.0,0.0
4.64,1.1191460583369985,4.67544386435889,18.241416851351396,1.0,1.0,-1.338090319293754,-0.2928327781972775,-0.21898337139703877,-0.3021890093049047,1.1191069478967153,-0.009356231107627178,6.235666779348104,-2.1990931027304916,6.235666779348104,-2.1990931027304916,0.0,0.0
4.659999999999999,1.0884241195656539,5.01414684659322,19.579591878831557,1.0,1.0,-1.3127221090018448,-0.2960773031011925,-0.22435191234326207,-0.30691146562656196,1.088370196658583,-0.010834162525369617,6.7775962650933,-2.0850721967823582,6.7775962650933,-2.0850721967823582,0.0,0.0
4.68,1.0577083961423852,5.384884970868646,20.78610890162401,1.0,1.0,-1.2874372161719922,-0.2995730665155816,-0.22979764551501786,-0.311639128450953,1.0576395706569741,-0.012066061935371408,7.354994533031785,-1.9743423507706548,7.354994533031785,-1.9743423507706548,0.0,0.0
4.699999999999999,1.027049142681786,5.784359993022641,21.85720661778145,1.0,1.0,-1.262285307015648,-0.30327053751621413,-0.235319700015637,-0.31636952688527487,1.0269656070000108,-0.013098989369060732,7.964075156875897,-1.8684613866478303,7.964075156875897,-1.8684613866478303,0.0,0.0
4.72,0.9964935338910635,6.209011953735406,22.79977784810652,1.0,1.0,-1.2373125994455239,-0.3071277835625761,-0.2409170274718937,-0.32110015766446326,0.9963955719736299,-0.01397237410188712,8.601059588525638,-1.7678893737701726,8.601059588525638,-1.7678893737701726,0.0,0.0
4.739999999999999,0.9661539785948619,6.639627577143021,24.712050627167013,1.0,1.0,-1.2126267938553479,-0.3108840790563603,-0.2465884017408434,-0.32582848655559876,0.9660383921145046,-0.014944407499238643,9.26241896475339,-1.5417210018978633,9.26241896475339,-1.5417210018978633,0.0,0.0
4.76,0.9359896608934869,7.152968840641524,25.78295233478962,1.0,1.0,-1.1881891830571008,-0.31477975384690904,-0.25233241883792645,-0.3305519497853679,0.9358567642191744,-0.01577219593845891,9.990060139617086,-1.5901650471604958,9.990060139617086,-1.5901650471604958,0.0,0.0
4.779999999999999,0.9061206099383285,7.612377564847268,25.824841804353444,1.0,1.0,-1.1641134420759756,-0.31852680036530767,-0.2581474970868124,-0.335267955489748,0.9059659449891635,-0.01674115512444052,10.680370261941121,-1.351397590431401,10.680370261941121,-1.351397590431401,0.0,0.0
4.8,0.8764773379109461,8.153917622322403,27.077559177964186,1.0,1.0,-1.1403340576960526,-0.3224521033198884,-0.264031877491229,-0.3399738851850992,0.8763021802048234,-0.017521781865210695,11.43952659549104,-1.4525757998441295,11.43952659549104,-1.4525757998441295,0.0,0.0
4.819999999999999,0.8472083822868441,8.624405674755753,26.819595438077226,1.0,1.0,-1.1169901319275946,-0.32617333679085236,-0.2699836243287546,-0.3446670952598065,0.8470065075988398,-0.01849375846895418,12.141078122131127,-1.1640311498527107,12.141078122131127,-1.1640311498527107,0.0,0.0
4.84,0.8182082750143621,9.189587243289196,28.418574172713416,1.0,1.0,-1.0939831199695345,-0.33012459574503694,-0.2760006259663157,-0.34934491848562843,0.8179824940032185,-0.019220322740591378,12.928044276994871,-1.327666590717409,12.928044276994871,-1.327666590717409,0.0,0.0
4.859999999999999,0.7896608164839595,9.664607158872862,27.880070160100935,1.0,1.0,-1.0714831114623466,-0.33380878703256833,-0.2820805958968662,-0.3540046655478716,0.7894025155654805,-0.020195878515303356,13.633042883653594,-0.974374057092681,13.633042883653594,-0.974374057092681,0.0,0.0
4.88,0.761416409321483,10.249397526186092,29.86580243544425,1.0,1.0,-1.0493518355980767,-0.3377890796596268,-0.2882210739964959,-0.3586436265935228,0.7611307616015806,-0.02085454693389588,14.444243187909764,-1.21001571398952,14.444243187909764,-1.21001571398952,0.0,0.0
4.8999999999999995,0.7337018693257371,10.722917601654034,29.162265292437404,1.0,1.0,-1.0277965179672055,-0.34143072048347944,-0.29441942800094384,-0.36325907279643466,0.7333770899662619,-0.02182835231295499,15.144706111346732,-0.7744679364962396,15.144706111346732,-0.7744679364962396,0.0,0.0
4.92,0.706313649428328,11.3237292035004,31.505545651132,1.0,1.0,-1.0066313226323764,-0.3454515253718391,-0.3006728552002672,-0.367848257938675,0.7059584674321093,-0.02239673256683572,15.976803327766486,-1.093362508176202,15.976803327766486,-1.093362508176202,0.0,0.0
4.9399999999999995,0.6795319996121599,11.78984979294189,30.908523345279335,1.0,1.0,-0.9861087663754575,-0.3490489956336895,-0.30697838435014824,-0.37240842000711627,0.6791303820253094,-0.02335942437342675,16.664185710735207,-0.5532005769992774,16.664185710735207,-0.5532005769992774,0.0,0.0
4.96,0.6530854683162384,12.40385838367561,33.53453230679727,1.0,1.0,-0.9659843745862049,-0.35313231544874446,-0.3133328777980982,-0.376936782804353,0.6526514967881067,-0.023804467355608594,17.514695317196065,-0.9730640011580165,17.514695317196065,-0.9730640011580165,0.0,0.0
4.9799999999999995,0.627324698078545,12.856205442672945,33.5609635434065,1.0,1.0,-0.9465693958416628,-0.35668278858292757,-0.3197330338225538,-0.3814305575730054,0.6268363620191089,-0.024747768990077912,18.179026271982476,-0.29502639034128375,18.179026271982476,-0.29502639034128375,0.0,0.0
5.0,0.6018868859230245,13.48218679753494,36.44135667172451,1.0,1.0,-0.9275419217947181,-0.3608646165984659,-0.3261753891826397,-0.38588694463248213,0.6013665326120785,-0.025022328034016272,19.047747151460296,-0.8497353360235718,19.047747151460296,-0.8497353360235718,0.0,0.0
5.02,0.5772244207409253,13.912967864490215,38.019679334037065,0.0,1.0,-0.909297162453031,-0.36435370577643456,-0.3326563218761134,-0.39030313502723957,0.5766408405769177,-0.0259494292508049,19.675894295942612,0.023092240425016675,19.675894295942612,0.023092240425016675,0.0,0.0
5.04,0.5528393192330521,14.55287932809882,41.39194801692362,0.0,1.0,-0.8914003386735656,-0.36869103539112835,-0.3391720541027918,-0.39467631218559723,0.5522282845707736,-0.025985276794469048,20.567737822510882,-0.7353600076610696,20.567737822510882,-0.7353600076610696,0.0,0.0
5.06,0.5293476121200849,14.951430763054939,46.20011183294996,0.0,1.0,-0.8743807161061792,-0.3720718868546333,-0.3457186554305069,-0.39900365358813294,0.5286620606756722,-0.026931766733499618,21.139949480932646,0.4394310736243989,21.139949480932646,0.4394310736243989,0.0,0.0
5.08,0.5060288148229929,15.613417874896596,51.08013241719978,0.0,1.0,-0.8576199973525527,-0.3766585991390752,-0.3522920461604247,-0.40328233244470196,0.505327951192128,-0.02662373330562673,22.070673070438097,-0.6656017503880913,22.070673070438097,-0.6656017503880913,0.0,0.0
5.1,0.4836351493996526,15.95629893763708,52.78971233578559,0.0,1.0,-0.8417550028575747,-0.38026220494172414,-0.35888800088832107,-0.40750951937909347,0.4828670019692538,-0.027247314437369496,22.553234000119993,0.7473872559175274,22.553234000119993,0.7473872559175274,0.0,0.0
5.12,0.46151687778534456,16.597015130975368,46.35919017343668,0.0,1.0,-0.8262349593535712,-0.38479169899057597,-0.3655021522581966,-0.41168238412035535,0.4607328070953747,-0.026890685129779435,23.470961677543826,-0.1891572016069143,23.470961677543826,-0.1891572016069143,0.0,0.0
5.14,0.44020687730351693,16.97359487448056,41.67631944209713,0.0,1.0,-0.8115028710782815,-0.3887135904110597,-0.37212999490438226,-0.4157980971997931,0.4393728761738993,-0.02708450678873353,23.98851948640567,0.8699303284291563,23.98851948640567,0.8699303284291563,0.0,0.0
5.159999999999999,0.41961673987252585,16.63309743867143,22.062229103232436,0.0,1.0,-0.7974893799862159,-0.3924734662851259,-0.37876688957808524,-0.4198538316526631,0.4187224904081308,-0.027380365367537074,23.518258677690937,0.4597494729644267,23.518258677690937,0.4597494729644267,0.0,0.0
5.18,0.39999768004357145,15.704509901949537,46.50393626231794,0.0,1.0,-0.7844107864922605,-0.39565147716703253,-0.38540806745410133,-0.42384676472355987,0.3990027190381591,-0.028195287556527227,22.20658460531207,0.3617494823479872,22.20658460531207,0.3617494823479872,0.0,0.0
5.199999999999999,0.3810663509613023,15.522393567414813,23.670630688983938,0.0,1.0,-0.7720410373982904,-0.3991849617044103,-0.3920486346132186,-0.4277740795745075,0.3799924027850716,-0.02858911787009699,21.95047697520032,-0.25683590995444816,21.95047697520032,-0.25683590995444816,0.0,0.0
5.22,0.36309189287425103,15.650852470225361,19.95144748433064,0.0,1.0,-0.7605941020925422,-0.40236704350088415,-0.3986835766956459,-0.43163296699475573,0.36191052539689617,-0.029265923493871693,22.131907994218857,0.2775150895897638,22.131907994218857,0.2775150895897638,0.0,0.0
5.239999999999999,0.34577186674025934,15.97860066209724,20.222603113899382,0.0,1.0,-0.7498287395679402,-0.4060355793790227,-0.40530776372058097,-0.43542062711128077,0.3445209758473591,-0.02938504773225814,22.597086075029466,-0.0553096307889851,22.597086075029466,-0.0553096307889851,0.0,0.0
5.26,0.3294704419119375,16.140320561803406,26.992745069525913,0.0,1.0,-0.7400256103504739,-0.40922062532785564,-0.4119159550668681,-0.43913427109898984,0.3281096552836056,-0.02991364577113398,22.815843577520788,0.6761490380464399,22.815843577520788,0.6761490380464399,0.0,0.0
5.279999999999999,0.3137166759815967,16.589818122088953,29.15565099289568,0.0,1.0,-0.7308180322492874,-0.41315100517815084,-0.41850280460948697,-0.4427711228896299,0.31231522763980024,-0.02962011771147921,23.46098303186126,0.16249869753364732,23.46098303186126,0.16249869753364732,0.0,0.0
5.3,0.29896402556048507,16.71689974049015,31.267757095629545,0.0,1.0,-0.7225482819292601,-0.4166313521246763,-0.42506286600645,-0.44632842087839564,0.29748541592280997,-0.029697068753719247,23.6186999844635,1.0327075632060767,23.6186999844635,1.0327075632060767,0.0,0.0
5.319999999999999,0.2849122135133173,17.107031264966487,21.495721145618585,0.0,1.0,-0.7149833598631146,-0.42041784482222244,-0.43159059813050293,-0.44980341962723974,0.28339276173261174,-0.029385574805017356,24.17981135473002,0.7985989298458704,24.17981135473002,0.7985989298458704,0.0,0.0
5.34,0.27163337995419057,17.318348756577393,14.47828259789658,0.0,1.0,-0.70817352307734,-0.4243077184416766,-0.4380803706398617,-0.45319339156387994,0.27009315243747833,-0.028885673122203137,24.467578806144893,1.0899516842413508,24.467578806144893,1.0899516842413508,0.0,0.0
5.359999999999999,0.25912492745357985,17.467067297295767,8.712632201545908,0.0,1.0,-0.7021133082472275,-0.428304342329926,-0.44452646968204707,-0.45649562867551097,0.2575868385651803,-0.028191286345585098,24.671614011359217,1.2281457613093645,24.671614011359217,1.2281457613093645,0.0,0.0
5.38,0.24752465141285893,17.175377918316386,15.661412353298521,0.0,1.0,-0.6969069443995388,-0.43213203515244203,-0.4509231037247382,-0.4597074441962183,0.24598384067480072,-0.02757540904377631,24.251127809105704,1.367484281591655,24.251127809105704,1.367484281591655,0.0,0.0
5.3999999999999995,0.23686824748703916,16.903572767320952,13.593189464792555,0.0,1.0,-0.6925826118696188,-0.4357723334397363,-0.45726440950739944,-0.46282617428710615,0.23531820236221934,-0.027053840847369948,23.866899655544376,1.3537523526866977,23.866899655544376,1.3537523526866977,0.0,0.0
5.42,0.22717910204827294,16.64171729423761,13.095875959221534,0.0,1.0,-0.6891589809667749,-0.4392328035018278,-0.4635444581073113,-0.4658491797081455,0.22561452285946348,-0.02661637620631785,23.497626011994633,1.32479462675819,23.497626011994633,1.32479462675819,0.0,0.0
5.4399999999999995,0.2184748057605801,16.40104687870764,12.039789642169607,0.0,1.0,-0.6866498684080864,-0.4425281306288129,-0.4697572611134836,-0.4687738474807578,0.2168926072946027,-0.026245716851944767,23.158417764622516,1.294744791203024,23.158417764622516,1.294744791203024,0.0,0.0
5.46,0.21073323335912783,16.29912350300896,5.138192461926636,0.0,1.0,-0.6850379225163565,-0.4457426732203933,-0.47589677690181875,-0.4715975925401522,0.209141145614538,-0.025854919319758807,23.015525891150997,1.2682357377223927,23.015525891150997,1.2682357377223927,0.0,0.0
5.4799999999999995,0.203941084350054,16.2631123017097,1.9618430964993134,0.0,1.0,-0.6843104689060664,-0.44892089265208446,-0.4819569170047525,-0.4743178593764408,0.202353551901314,-0.025396966724356318,22.963454078603025,1.2874083485564576,22.963454078603025,1.2874083485564576,0.0,0.0
5.5,0.19807468917874113,16.275109464826272,1.6246322158758244,0.0,1.0,-0.6844450837078973,-0.4521124828042735,-0.4879315525685096,-0.4769321236635582,0.19651353113938752,-0.024819640859284675,22.977963156183062,1.3310091574625518,22.977963156183062,1.3310091574625518,0.0,0.0
5.52,0.1930924222219645,16.322582801904712,3.3574688231533885,0.0,1.0,-0.6854031637322455,-0.45538637721211384,-0.49381452089097694,-0.47943789387502417,0.19158864284126853,-0.024051516662910277,23.041000921627216,1.402032517327919,23.041000921627216,1.402032517327919,0.0,0.0
5.54,0.18898854956874342,16.394099875222857,5.070081213570754,0.0,1.0,-0.6871702840662017,-0.45872595274950934,-0.49959963203313135,-0.48183271288558827,0.18757065203307022,-0.02310676013607882,23.13554299539824,1.5098581872624794,23.13554299539824,1.5098581872624794,0.0,0.0
5.56,0.1857804457164992,16.494872542901106,5.935446537110654,0.0,1.0,-0.6897485745947352,-0.4620694728276886,-0.505280675496838,-0.48411415955780857,0.18446789909789718,-0.022044686730120056,23.27178890958132,1.6079432082612812,23.27178890958132,1.6079432082612812,0.0,0.0
5.58,0.1834730458175682,16.63420727068915,7.21254905590853,0.0,1.0,-0.6931307303139702,-0.46538453717753425,-0.5108514269617734,-0.48627985031261883,0.182279303352197,-0.020895313135084415,23.464654501393646,1.6744229390218022,23.464654501393646,1.6744229390218022,0.0,0.0
5.6,0.18193295255429184,17.228615833996532,29.722361668863027,0.0,1.0,-0.6971993792724853,-0.4689094137292149,-0.5163056550741425,-0.48832744068295264,0.18089372419834282,-0.019418026953737844,24.30383566329169,1.7245228796925094,24.30383566329169,1.7245228796925094,0.0,0.0
5.62,0.18109942532270742,17.858032292322754,31.648989193934195,0.0,1.0,-0.7018843247525193,-0.4727061221856368,-0.5216371282797934,-0.4902546268494963,0.1802471964727257,-0.01754850466385971,25.184713434348453,1.8838375559037086,25.184713434348453,1.8838375559037086,0.0,0.0
5.64,0.18092634012912,18.555954680722845,35.15018916287826,0.0,1.0,-0.7071210873822511,-0.47679698211093413,-0.5268396216942758,-0.4920591471576577,0.1802814656879752,-0.01526216504672373,26.159621326319588,2.078730451416339,26.159621326319588,2.078730451416339,0.0,0.0
5.659999999999999,0.18139153268749272,19.26797448039088,35.95403770634534,0.0,1.0,-0.7128606643218864,-0.4811438641992818,-0.5319069240023413,-0.4937387836148415,0.18095374031954492,-0.01259491941555968,27.15154625774744,2.302871461325929,27.15154625774744,2.302871461325929,0.0,0.0
5.68,0.18257812136764406,19.62503549402063,19.024081825986034,0.0,1.0,-0.7191466326131821,-0.48547031342525937,-0.536832844379332,-0.4952913633671407,0.18231378823385036,-0.009821049941881377,27.638215627401358,2.5324046312559165,27.638215627401358,2.5324046312559165,0.0,0.0
5.699999999999999,0.1845059812337017,19.9598382855488,16.94316726410273,0.0,1.0,-0.7259816905899381,-0.4896446488313826,-0.5416112194268772,-0.4967147601545522,0.18437047116306093,-0.007070111323169481,28.102818702596203,2.6498810802615944,28.102818702596203,2.6498810802615944,0.0,0.0
5.72,0.1871721269119859,20.254062591938794,14.731821510495283,0.0,1.0,-0.7333558252816101,-0.49358578917356066,-0.5462359201152954,-0.4980068957438548,0.18711990516631483,-0.004421106570294153,28.514985253590556,2.7110365072905376,28.514985253590556,2.7110365072905376,0.0,0.0
5.739999999999999,0.1905616836198937,20.508751050945044,12.741564266517031,0.0,1.0,-0.7412528118380086,-0.4972400131928527,-0.5507008587250624,-0.49916574133827774,0.19055195311294604,-0.0019257281454247988,28.874698688014547,2.7330413490560206,28.874698688014547,2.7330413490560206,0.0,0.0
5.76,0.19464632850008026,20.75430557864685,12.364396358742649,0.0,1.0,-0.7496459156746988,-0.5005881507577028,-0.5549999957797246,-0.5001893189631212,0.19464591989497437,0.00039883179458133355,29.224308983219778,2.7243649823405134,29.224308983219778,2.7243649823405134,0.0,0.0
5.779999999999999,0.1993929934028459,21.02589346544996,13.649040087522174,0.0,1.0,-0.7585041792079226,-0.5036143209488295,-0.5591273469626079,-0.5010757028264866,0.19937683224531444,0.002538618122343017,29.610347284605936,2.720978817619221,29.610347284605936,2.720978817619221,0.0,0.0
5.8,0.2047880782300092,21.33410581651736,15.449703952291635,0.0,1.0,-0.7678180181636405,-0.5062125964434308,-0.5630769900097018,-0.5018230206543028,0.20474102815393858,0.004389575789128131,30.041517101046104,2.7920229670033665,30.041517101046104,2.7920229670033665,0.0,0.0
5.819999999999999,0.21077151668300279,21.688089544299796,17.81695416625697,0.0,1.0,-0.77752912467753,-0.5084310607244924,-0.5668430715710961,-0.5024294549988334,0.21068605310643385,0.006001605725658887,30.545319613708443,2.780270824853336,30.545319613708443,2.780270824853336,0.0,0.0
5.84,0.21727410151331317,22.084077806814243,19.923906882907755,0.0,1.0,-0.7875659697073556,-0.5103485959156089,-0.5704198140333863,-0.5028932445198802,0.21714615567396933,0.0074553513957287265,31.108715218220816,2.7678191101456493,31.108715218220816,2.7678191101456493,0.0,0.0
5.859999999999999,0.22422373078792213,22.528761501746025,22.294555388145103,0.0,1.0,-0.7978511313513827,-0.5120475101005191,-0.5738015222954832,-0.5032126852378972,0.22404960905589943,0.008834824862621993,31.739235166473748,2.776894065747529,31.739235166473748,2.776894065747529,0.0,0.0
5.88,0.2315454591694259,23.032370473052527,25.193094604559896,0.0,1.0,-0.8083023415549713,-0.513607307295632,-0.5769825904903149,-0.5033861317582629,0.2313197510646563,0.01022117553736912,32.45071696398908,2.816229347719249,32.45071696398908,2.816229347719249,0.0,0.0
5.8999999999999995,0.23920448012594608,23.392202656363214,18.024133048855866,0.0,1.0,-0.8188820150852294,-0.51498193945935,-0.5799575086449449,-0.5034119984659535,0.2389245064402843,0.011569940993396699,32.955009298109786,2.8909604622390863,32.955009298109786,2.8909604622390863,0.0,0.0
5.92,0.24716825183325888,23.667036011262955,13.751181024391732,0.0,1.0,-0.8295551817326912,-0.5161327050302562,-0.5827208692716985,-0.5032887606898977,0.24683431246099286,0.012843944340358515,33.34092076148485,2.939419992655587,33.34092076148485,2.939419992655587,0.0,0.0
5.9399999999999995,0.25540022952080416,23.886802170973134,10.989111009156225,0.0,1.0,-0.8402817735606005,-0.5170482446997675,-0.5852673738829475,-0.5030149558362909,0.2550143996776528,0.014033288863476656,33.65084749644761,2.962954383928172,33.65084749644761,2.962954383928172,0.0,0.0
5.96,0.263863017253749,24.05622014599651,8.478232625361425,0.0,1.0,-0.8510199751151353,-0.5177321432379678,-0.5875918394222768,-0.5025891844901813,0.2634281356928585,0.015142958747786484,33.89039358879454,2.9740003063030445,33.89039358879454,2.9740003063030445,0.0,0.0
5.9799999999999995,0.27251965435475817,24.18103300296975,6.249152596134533,0.0,1.0,-0.8617277198174538,-0.5181967803993501,-0.589689204604842,-0.5020101114846423,0.2720385152126119,0.01618666891470788,34.067036819447765,2.9802208850712106,34.067036819447765,2.9802208850712106,0.0,0.0
6.0,0.2813135139077019,24.262893146365307,4.811347376499536,0.0,1.0,-0.8723369412898028,-0.5185546056247032,-0.5915545361598105,-0.5012764669368766,0.2807824051299921,0.017278138687826683,34.18853414096689,2.9189211972615796,34.18853414096689,2.9189211972615796,0.0,0.0
