t,error_norm,torque_rms,torque_smoothness,safety_violation,q1,q2,qd1,qd2,error1,error2,tau1,tau2,supervisor_tau1,supervisor_tau2,residual_tau1,residual_tau2
0.02,0.053546212810966894,8.663882540049876,433.1941270024938,0.0,0.06820606656954764,0.4528632555126477,0.01528847159687587,0.44468248240091773,-0.0529175949726719,-0.008180773111730044,11.989263892173767,2.526513934135437,0.0,0.0,11.989263892173767,2.526513934135437
0.04,0.050602903340569584,12.06846685422186,181.68460264790227,0.0,0.08006958624395644,0.44979074615180936,0.030567774339877347,0.439291963140992,-0.049501811904078874,-0.010498783010817192,17.008028626441956,1.422232985496521,0.0,0.0,17.008028626441956,1.422232985496521
0.06,0.04720337485430683,14.182556881249518,107.11866003556428,0.0,0.09178502180043147,0.44461015645414825,0.045828747197790204,0.4338315005879084,-0.0459562746026414,-0.010778655866239717,19.93605375289917,2.2008180618286133,0.0,0.0,19.93605375289917,2.2008180618286133
0.08,0.04352932445957788,15.724677282053257,77.46850162726543,0.0,0.10367660097584741,0.4371821539876719,0.06106224477682705,0.42830416245522424,-0.04261435619902043,-0.008877991532447727,22.078200578689575,2.661580443382263,0.0,0.0,22.078200578689575,2.661580443382263
0.1,0.039764875800758444,16.438278081236728,39.478225797213085,0.0,0.1155483086162552,0.4288454769985295,0.0762591451196154,0.42271302404852323,-0.03928916349663991,-0.006132452950006417,23.01655650138855,3.2668179273605347,0.0,0.0,23.01655650138855,3.2668179273605347
0.12000000000000001,0.03603445208722315,16.962552601235426,28.43165018227554,0.0,0.1272818496586443,0.42048429171353785,0.09141035748053888,0.41706116651242575,-0.03587149217810559,-0.0034231252011123203,23.704122304916382,3.6838793754577637,0.0,0.0,23.704122304916382,3.6838793754577637
0.13999999999999999,0.03238504421517791,17.34318696030078,19.579151151907514,0.0,0.138874487790698,0.41241272289559827,0.10650683006958868,0.41135167507945797,-0.03236765772110939,-0.0010610478161403591,24.215494990348816,3.8964176177978516,0.0,0.0,24.215494990348816,3.8964176177978516
0.16,0.02877361341667855,17.569555498402767,11.863127901270863,0.0,0.15030508313213264,0.4049054504410807,0.12153955775691538,0.40558763732178726,-0.028765525375217038,0.0006821868807067588,24.515289068222046,4.047117829322815,0.0,0.0,24.515289068222046,4.047117829322815
0.18,0.02521494941682226,17.805389620116873,11.792205761869273,0.0,0.16164353983109914,0.3978812560527798,0.1364995897303139,0.399772141406823,-0.025143950100785073,0.001890885354043359,24.843851327896118,4.104491472244263,0.0,0.0,24.843851327896118,4.104491472244263
0.19999999999999998,0.021776890032523692,17.95438986883268,7.592014780478801,0.0,0.17297676324636102,0.3911283520110258,0.1513780370979241,0.39390827435768505,-0.021598726148436942,0.002779922346659358,25.058484077453613,4.097878336906433,0.0,0.0,25.058484077453613,4.097878336906433
0.22,0.01847597718001469,18.01525596938261,3.0433311805912395,0.0,0.1843299966525409,0.38461771821951407,0.16616608042848796,0.38799912031953215,-0.018163916224053,0.0033814021000182493,25.14349102973938,4.111417531967163,0.0,0.0,25.14349102973938,4.111417531967163
0.24,0.015308974756312248,18.0327926224981,0.8931579115649967,0.0,0.1957120797329024,0.3783557115609475,0.18085497722157057,0.3820477588327436,-0.014857102511331988,0.0036920472717962838,25.167189836502075,4.120166897773743,0.0,0.0,25.167189836502075,4.120166897773743
0.26,0.012270194844044138,18.02317928190531,0.48087934184958014,0.0,0.2071295686836887,0.37233977018458386,0.1954360693002277,0.37605726311393883,-0.011693499383460981,0.003717492929355082,25.153838396072388,4.117571711540222,0.0,0.0,25.153838396072388,4.117571711540222
0.28,0.009355209545994937,17.994115713373187,1.462442098845744,0.0,0.21858800448754057,0.36655906297340035,0.20990079011868423,0.370030698345817,-0.008687214368856111,0.0034716353724166815,25.114026069641113,4.106348156929016,0.0,0.0,25.114026069641113,4.106348156929016
0.30000000000000004,0.006657849225844863,17.991490652867977,1.3345365136261305,0.0,0.23013175392462326,0.3608691673968054,0.2242406719776791,0.36397111997678994,-0.005891081946943988,0.0031019525799846903,25.116395950317383,4.068676233291626,0.0,0.0,25.116395950317383,4.068676233291626
0.32,0.0043165821587772876,17.986729308412077,1.039642835758287,0.0,0.2417968500984493,0.3551587514973815,0.23844735314023052,0.35788157203137927,-0.003349496958218623,0.0027228205339975275,25.114309787750244,4.039344787597656,0.0,0.0,25.114309787750244,4.039344787597656
0.34,0.0027538187676182067,17.987358340243343,1.589607752698279,0.0,0.2536370607008571,0.34925130902128254,0.2525125848406812,0.3517650854323356,-0.0011244758601760552,0.0025137764110532146,25.122287273406982,3.995097279548645,0.0,0.0,25.122287273406982,3.995097279548645
0.36000000000000004,0.002634435372252141,17.973847491342834,0.7777801880485729,0.0,0.2656709808566493,0.343101422270383,0.26642823817999745,0.3456246763354367,0.0007572573233480817,0.002523254065053493,25.1051265001297,3.981332778930664,0.0,0.0,25.1051265001297,3.981332778930664
0.38,0.0035099464649016865,17.98410613468903,1.2651154616368967,0.0,0.2778842552117933,0.3368137664373605,0.2801863109004165,0.33946334447790827,0.0023020556886232946,0.002649578040547773,25.114309787750244,4.015917181968689,0.0,0.0,25.114309787750244,4.015917181968689
0.4,0.004528024502665907,17.967635969566647,0.8810536582575176,0.0,0.2902787313131592,0.3304115140016677,0.293778934032666,0.3332840715414047,0.0035002027195067953,0.0028725575397370307,25.08991003036499,4.020982384681702,0.0,0.0,25.08991003036499,4.020982384681702
0.42000000000000004,0.00534343001306037,17.93110022071131,2.1620273049135736,0.0,0.30282893736843386,0.3240140709554966,0.3071983784091139,0.3270898195304771,0.004369441040680044,0.003075748574980608,25.033700466156006,4.0450650453567505,0.0,0.0,25.033700466156006,4.0450650453567505
0.44,0.0058372901433593714,17.956101157938953,1.839820849044524,0.0,0.31552335549395005,0.31773242554167647,0.32043706103635083,0.32088352916744667,0.00491370554240067,0.003151103625770091,25.06248116493225,4.088419675827026,0.0,0.0,25.06248116493225,4.088419675827026
0.46,0.005962840348689635,17.975278804705805,1.2226372247093549,0.0,0.32836599237222774,0.3116144158044003,0.3334875513208576,0.3146681183045908,0.005121558948629978,0.003053702500190436,25.08578360080719,4.113970994949341,0.0,0.0,25.08578360080719,4.113970994949341
0.48000000000000004,0.0055898812959074675,17.976827171110124,4.7591134112256706,0.0,0.341247446234354,0.30614726006480186,0.3463425771415634,0.3084464803545383,0.0050951309072093665,0.0022992202897365033,25.065810680389404,4.2470890283584595,0.0,0.0,25.065810680389404,4.2470890283584595
0.5,0.004976853391911445,18.031514450984442,7.150398546532265,0.0,0.3540231394665816,0.3019992967399352,0.3589950307632678,0.3022214827397593,0.004971891296686071,0.00022218599982393172,25.11012077331543,4.4444191455841064,0.0,0.0,25.11012077331543,4.4444191455841064
0.52,0.005390565222596244,18.134189438460243,5.911460513391277,0.0,0.36682498401856733,0.2987849636503799,0.371437974585066,0.295995965362023,0.004612990566498887,-0.002788998288356659,25.26745915412903,4.387842416763306,0.0,0.0,25.26745915412903,4.387842416763306
0.54,0.006950485183247081,18.182879928892227,8.117348226155979,0.0,0.37990243224015696,0.29561696585972097,0.3836646467180935,0.28977273909268486,0.003762214477936787,-0.005844226767035998,25.371904969215393,4.183381795883179,0.0,0.0,25.371904969215393,4.183381795883179
0.56,0.009751712265718138,18.09174473368486,6.17135489401379,0.0,0.3931350644201599,0.29297147159348746,0.3956684663870874,0.2835545842846511,0.0025334019669274177,-0.009416887308836497,25.22536873817444,4.278227090835571,0.0,0.0,25.22536873817444,4.278227090835571
0.5800000000000001,0.01314967836185974,18.062191870194706,3.6962698333009323,0.0,0.406631299311337,0.29046884908947534,0.40744303915045005,0.27734424930685475,0.0008117398391132014,-0.013124599782620372,25.199996829032898,4.176806211471558,0.0,0.0,25.199996829032898,4.176806211471558
0.6,0.017396820500664635,17.960372543515533,6.048621835554569,0.0,0.420294338714279,0.28849171273725815,0.41898216193369275,0.27114444910206675,-0.0013121767805861495,-0.017347263635191457,25.042712688446045,4.24411416053772,0.0,0.0,25.042712688446045,4.24411416053772
0.62,0.022075641752178955,17.898559102991022,4.504287711456437,0.0,0.43422421118013155,0.28667826429654886,0.4302798278713369,0.2649578637688458,-0.003944383308794652,-0.021720400527703188,24.971816539764404,4.1382622718811035,0.0,0.0,24.971816539764404,4.1382622718811035
0.64,0.027388739477630094,17.78076231733948,6.167289292552526,0.0,0.4483619847284728,0.2852578283004692,0.44133023095255064,0.25878713716842117,-0.007031753775922134,-0.026470691132048252,24.798986315727234,4.161885976791382,0.0,0.0,24.798986315727234,4.161885976791382
0.66,0.032938617653754776,17.75769475988033,3.94790985014532,0.0,0.46283806012600426,0.28378358706096396,0.45212777046601504,0.2526348755572857,-0.010710289659989325,-0.03114871150367815,24.7842538356781,4.051198363304138,0.0,0.0,24.7842538356781,4.051198363304138
0.68,0.03854274899329789,17.65313546327115,5.942464310239934,0.0,0.4777245949676896,0.28198341509134606,0.4626670552397157,0.24650364624625834,-0.015057539727973968,-0.035479768845087634,24.651048183441162,3.9486968517303467,0.0,0.0,24.651048183441162,3.9486968517303467
0.7000000000000001,0.04415948989679382,17.57687477297139,4.2099876449275095,0.0,0.4930702158421587,0.27970185388479996,0.4729429076715859,0.24039597628676346,-0.020127308170572622,-0.03930587759803661,24.552472829818726,3.8818979263305664,0.0,0.0,24.552472829818726,3.8818979263305664
0.7200000000000001,0.050153437832951474,17.534533600727755,3.7447792036647134,0.0,0.5088021313629487,0.2772917130640189,0.48295036754714143,0.2343143511850546,-0.025851763815807338,-0.04297736187896417,24.479548931121826,3.9587146043777466,0.0,0.0,24.479548931121826,3.9587146043777466
0.74,0.05666654035795632,17.544277460010733,1.4016896404193198,0.0,0.5249190414121845,0.2748664037939381,0.49268469564047546,0.2282612136450953,-0.03223434577170892,-0.0466051901488429,24.487188458442688,3.9976173639297485,0.0,0.0,24.487188458442688,3.9976173639297485
0.76,0.06372714873342979,17.553776652134992,0.4764174392045721,0.0,0.5414582791203664,0.2723920350366624,0.5021413770952154,0.22223896234079082,-0.039316902025150924,-0.05015307269587144,24.500277042388916,4.0008217096328735,0.0,0.0,24.500277042388916,4.0008217096328735
0.78,0.07152366132004195,17.481352502264954,4.27201947179348,0.0,0.5583732071024796,0.2701133437910048,0.5113161245822708,0.21624995071824807,-0.047057082520209015,-0.05386339307275678,24.388800859451294,4.047439098358154,0.0,0.0,24.388800859451294,4.047439098358154
0.8,0.08040840730527611,17.122234466826985,18.71138933226919,0.0,0.575455336293214,0.2687165096291171,0.5202048812314455,0.21029648582872282,-0.05525045506176873,-0.05842002380039446,23.863221406936646,4.10956084728241,0.0,0.0,23.863221406936646,4.10956084728241
0.8200000000000001,0.08979217775962185,16.751868484000095,20.689265878899494,0.0,0.5929101461280446,0.26725383065757313,0.5288038233342207,0.20438082719289363,-0.06410632279382389,-0.06287300346467939,23.38946223258972,3.766065835952759,0.0,0.0,23.38946223258972,3.766065835952759
0.8400000000000001,0.09968195777225786,16.208381216127982,27.211629499241642,0.0,0.6106555873850943,0.26579148115785767,0.5371093628152643,0.19850518569708517,-0.07354622456982973,-0.06728629546077247,22.63689160346985,3.6047720909118652,0.0,0.0,22.63689160346985,3.6047720909118652
0.86,0.10985933325533964,15.43562320717152,39.106346373919855,0.0,0.6286684146962704,0.26400492856246105,0.5451181494704624,0.1926717225220421,-0.08355026522580822,-0.07133320604041904,21.58321261405945,3.268311619758606,0.0,0.0,21.58321261405945,3.268311619758606
0.88,0.12040782207957268,14.762843067433622,33.642556746940606,0.0,0.6467917534103989,0.26217320122718224,0.5528270729695182,0.18688254810483765,-0.09396468044088069,-0.07529065312234451,20.64450204372406,3.1124919652938843,0.0,0.0,20.64450204372406,3.1124919652938843
0.9,0.13124296935192312,14.134026205441122,31.605956687272972,0.0,0.6649638191065748,0.26023604191832117,0.5602332646214137,0.18113972113447843,-0.10473055448516089,-0.07909632078384288,19.778273105621338,2.8915923833847046,0.0,0.0,19.778273105621338,2.8915923833847046
0.92,0.14234297217310535,13.50132941994104,31.693734795181,0.0,0.6830824248566669,0.2582935835070983,0.5673340989012822,0.17544524758174962,-0.11574832595538487,-0.08284833592534868,18.90056610107422,2.7093160152435303,0.0,0.0,18.90056610107422,2.7093160152435303
0.9400000000000001,0.15353458467267986,12.753161078243888,37.85474735762213,0.0,0.7011125370283322,0.2561005092746189,0.5741271947374865,0.16980107976382167,-0.1269853422908458,-0.08629942951079705,17.875112891197205,2.4013692140579224,0.0,0.0,17.875112891197205,2.4013692140579224
0.9600000000000001,0.164806553191887,12.03948478937246,35.748761898829855,0.0,0.7189204026238647,0.2538280181903576,0.5806104165579593,0.16420911544412137,-0.1383099860659054,-0.08961890274623618,16.882587671279907,2.208307385444641,0.0,0.0,16.882587671279907,2.208307385444641
0.98,0.17609588572647977,11.39968010234114,32.14447886626277,0.0,0.736423237527112,0.25150019900549836,0.5867818750951103,0.15867119696794674,-0.14964136243200166,-0.09282900203755151,15.99640667438507,2.005090117454529,0.0,0.0,15.99640667438507,2.005090117454529
1.0,0.18733431142367307,10.65267054513839,37.518638302875225,0.0,0.7535067618034508,0.24918914169565154,0.5926399279488664,0.15318911043428537,-0.16086683385458445,-0.09600003126136603,14.95993435382843,1.7773979902267456,0.0,0.0,14.95993435382843,1.7773979902267456
1.02,0.19830694804248303,10.101266751875366,28.75674569356531,0.0,0.7702460748274755,0.24635467484102458,0.5981831799076599,0.147764584904274,-0.17206289491981552,-0.09859008993675067,14.21038031578064,1.4615988731384277,0.0,0.0,14.21038031578064,1.4615988731384277
1.04,0.20911619426013742,9.646217119171828,22.799104942432763,0.0,0.7864760444577352,0.24347640537705084,0.6034104830274423,0.14239929164671528,-0.18306556143029296,-0.10107711373033545,13.566039800643921,1.435818076133728,0.0,0.0,13.566039800643921,1.435818076133728
1.06,0.21963725838605824,9.220748540961164,22.002564049994692,0.0,0.8022403763478194,0.24022474261836413,0.608320936469052,0.1370948434210446,-0.19391943987876736,-0.1031298991973193,12.983107566833496,1.2179183959960938,0.0,0.0,12.983107566833496,1.2179183959960938
1.08,0.22984984950536988,8.857292910751204,18.330575372618824,0.0,0.817511243415348,0.2365947371397228,0.6129138860945225,0.1318527937981196,-0.2045973573208255,-0.10474194334160325,12.477388381958008,1.1036550998687744,0.0,0.0,12.477388381958008,1.1036550998687744
1.1,0.23977174184352162,8.557095948444136,15.027154752777113,0.0,0.8322382184551875,0.23271372867366802,0.6171889238231698,0.12667463651918037,-0.21504929463201794,-0.10603909215448759,12.056246399879456,1.0462814569473267,0.0,0.0,12.056246399879456,1.0462814569473267
1.12,0.24941964303953848,8.244007128711317,15.658714011684875,0.0,0.8463557923013885,0.22875628597724074,0.6211458867485529,0.12156180489330815,-0.22520990555283582,-0.10719448108393248,11.616003513336182,0.9978824853897095,0.0,0.0,11.616003513336182,0.9978824853897095
1.1400000000000001,0.2587581396315285,7.988351620040888,12.995885184595027,0.0,0.8598757333964837,0.22462697591002367,0.6247848560176513,0.11651567123368345,-0.23509087737883227,-0.10811130467634023,11.261176466941833,0.9019023180007935,0.0,0.0,11.261176466941833,0.9019023180007935
1.1600000000000001,0.2677957279453023,7.746490808019201,12.098427712735377,0.0,0.8727580325363515,0.22044122375271424,0.628106155473858,0.1115375463329274,-0.24465187706249347,-0.10890367741978668,10.921023488044739,0.8645725250244141,0.0,0.0,10.921023488044739,0.8645725250244141
1.18,0.2765191799922024,7.549958988652019,9.901914154651648,0.0,0.8850043732826016,0.21617630276879973,0.6311103500656274,0.1066286789777803,-0.25389402321697396,-0.10954762379101934,10.646584630012512,0.8087009191513062,0.0,0.0,10.646584630012512,0.8087009191513062
1.2,0.28490401246573427,7.504448023315793,3.089585724157885,0.0,0.896702649584662,0.21156989776583757,0.6337982440228754,0.1017902555033538,-0.2629044055617866,-0.10977964226248371,10.586707592010498,0.7450520992279053,0.0,0.0,10.586707592010498,0.7450520992279053
1.22,0.29301617336760377,7.423643025538789,5.022720651526488,0.0,0.9077825943718203,0.20695771532629914,0.6361708788034589,0.09702339938716598,-0.2716117155683615,-0.10993431593913305,10.46648621559143,0.8207422494888306,0.0,0.0,10.46648621559143,0.8207422494888306
1.24,0.30083394416960724,7.492742626597183,4.154946539146486,0.0,0.9183861025146642,0.2019346328667142,0.6382295308123191,0.09232917088314652,-0.28015657170234487,-0.10960546198356758,10.568833351135254,0.7629847526550293,0.0,0.0,10.568833351135254,0.7629847526550293
1.26,0.3084451213018064,7.497984919948535,4.846393036303289,0.0,0.9284253838884942,0.19695680627732237,0.6399757088960978,0.08770856669577537,-0.28844967499239615,-0.10924823958154706,10.565487146377563,0.9000205993652344,0.0,0.0,10.565487146377563,0.9000205993652344
1.28,0.31585789660681735,7.52703686480983,1.4548261545455188,0.0,0.9379614939549468,0.19190122167176682,0.6414111516162794,0.08316251969449459,-0.2965503423386675,-0.10873870197727209,10.60661792755127,0.9012347459793091,0.0,0.0,10.60661792755127,0.9012347459793091
1.3,0.32309830535559403,7.541842798622238,1.4359592725451322,0.0,0.9470111536855175,0.18680529570641946,0.6425378243041417,0.07869189866850859,-0.3044733293813757,-0.1081133970379109,10.624475479125977,0.9377133846282959,0.0,0.0,10.624475479125977,0.9377133846282959
1.32,0.33018583217575764,7.52113386655388,1.5505725604111205,0.0,0.9555778895614324,0.18172828498369142,0.6433579159010255,0.07429750812206537,-0.31221997366040677,-0.10743077686162605,10.59238612651825,0.9676080942153931,0.0,0.0,10.59238612651825,0.9676080942153931
1.34,0.33713060349485935,7.481702283962056,2.0864084903486226,0.0,0.9636701383209942,0.17669170214969476,0.6438738355876568,0.06998008811028603,-0.31979630273333726,-0.10671161403940888,10.535083413124084,0.9817105531692505,0.0,0.0,10.535083413124084,0.9817105531692505
1.36,0.34393935361363276,7.433510837724753,2.4810841700377244,0.0,0.9712942232366037,0.17171438333387679,0.6440882092064817,0.06574031411558692,-0.3272060140301223,-0.10597406921829,10.465664267539978,0.9919869899749756,0.0,0.0,10.465664267539978,0.9919869899749756
1.3800000000000001,0.3506264115205657,7.410354037678479,1.8919763602870532,0.0,0.978439090723028,0.16689720590602075,0.6440038754811804,0.06157879696471452,-0.3344352152418475,-0.10531840894130617,10.42898952960968,1.030956506729126,0.0,0.0,10.42898952960968,1.030956506729126
1.4000000000000001,0.3571962729055247,7.386877651600341,1.2835793454732878,0.0,0.9851201814176003,0.16223124826323998,0.6436238820377465,0.05749608278638846,-0.3414962993798536,-0.10473516547685158,10.39449691772461,1.042284369468689,0.0,0.0,10.39449691772461,1.042284369468689
1.4200000000000002,0.3636524972671575,7.34582464979685,2.228717120423391,0.0,0.991334242551658,0.15776436721685227,0.6429514812317189,0.05349265300952602,-0.34838276131993906,-0.1042717142073264,10.334256887435913,1.0608553886413574,0.0,0.0,10.334256887435913,1.0608553886413574
1.44,0.3699931040189423,7.299259110245099,2.3387591675078867,0.0,0.9970927957210609,0.1534774939562782,0.6419901257863581,0.04956892440199484,-0.35510266993470285,-0.1039085695542834,10.26810884475708,1.0603338479995728,0.0,0.0,10.26810884475708,1.0603338479995728
1.46,0.37622419487892206,7.298946997104512,0.6096039208626904,0.0,1.002412025348117,0.1493616169130827,0.6407434642467538,0.04572524914981885,-0.3616685611013635,-0.10363636776326368,10.26588499546051,1.0774320363998413,0.0,0.0,10.26588499546051,1.0774320363998413
1.48,0.3823943512939138,7.4874999971609455,10.73217914988837,0.0,1.0072455395437512,0.1457848862728941,0.639215336255039,0.04196191497673868,-0.36803020328871217,-0.10382297129615559,10.514734983444214,1.2512636184692383,0.0,0.0,10.514734983444214,1.2512636184692383
1.5,0.3885437442097861,7.70561725777329,11.181816594220624,0.0,1.0116300132334013,0.1428040177584151,0.6374097676520752,0.03827914530400067,-0.37422024558132616,-0.10452487245441455,10.812438726425171,1.3580292463302612,0.0,0.0,10.812438726425171,1.3580292463302612
1.52,0.3947174718966985,7.965874199720786,13.084118288613924,0.0,1.0156449717944138,0.14033285731145817,0.6353309654111481,0.0346770994502309,-0.38031400638326573,-0.10565575786122716,11.172673106193542,1.4428025484085083,0.0,0.0,11.172673106193542,1.4428025484085083
1.54,0.40095368188310365,8.176087765348932,10.561283727286137,0.0,1.0193587460056195,0.13829073801297298,0.6329833124093887,0.031155872871220208,-0.38637543359623105,-0.10713486514175274,11.463684439659119,1.5102189779281616,0.0,0.0,11.463684439659119,1.5102189779281616
1.56,0.40727688097193104,8.290108540597902,5.862703517521853,0.0,1.0227944810843965,0.13670427399871077,0.6303713620427998,0.02771549743942872,-0.392423119041597,-0.10898877655928185,11.618402600288391,1.5698790550231934,0.0,0.0,11.618402600288391,1.5698790550231934
1.58,0.4136998824839662,8.337515141995935,2.52895621871485,0.0,1.0259676519914454,0.13558089287171482,0.6274998326909286,0.02435594176299044,-0.3984678193005169,-0.11122495110872421,11.681467294692993,1.603633165359497,0.0,0.0,11.681467294692993,1.603633165359497
1.6,0.4202327101975007,8.380404888186783,2.166642383866944,0.0,1.0289143705744452,0.13484132960650408,0.6243736020373807,0.021077111543978816,-0.40454076853706455,-0.11376421806252512,11.740363836288452,1.6205644607543945,0.0,0.0,11.740363836288452,1.6205644607543945
1.62,0.42687911167894427,8.380343364343231,0.8581429783318708,0.0,1.0316462065952265,0.13447036359308573,0.6209977012525141,0.017878849975667438,-0.4106485053427127,-0.11659151361741849,11.736934185028076,1.6445928812026978,0.0,0.0,11.736934185028076,1.6445928812026978
1.6400000000000001,0.4336426521971373,8.39438894318375,0.9693949185778415,0.0,1.0341944978840356,0.13438276266183635,0.6173773090447968,0.014760938178502075,-0.4168171888392389,-0.11962182448333447,11.753965616226196,1.666080355644226,0.0,0.0,11.753965616226196,1.666080355644226
1.6600000000000001,0.44052809265301085,8.410849251935485,1.3794217461086082,0.0,1.0365759293924537,0.13455132342404585,0.6135177455874384,0.011723095674470413,-0.42305818380501536,-0.12282822774957536,11.772574186325073,1.7003726959228516,0.0,0.0,11.772574186325073,1.7003726959228516
1.6800000000000002,0.4475420713631043,8.412718970884423,2.086917668269566,0.0,1.0387705994692187,0.13508126486892902,0.6094244663270378,0.008764980899541835,-0.4293461331421806,-0.1263162839693872,11.766616106033325,1.7590981721878052,0.0,0.0,11.766616106033325,1.7590981721878052
1.7,0.4547062749993984,8.533819839905776,6.240385821127575,0.0,1.0408200669943497,0.1359188129535731,0.6051030556811007,0.005886191753819187,-0.4357170113132489,-0.13003262119975378,11.929562091827393,1.8269401788711548,0.0,0.0,11.929562091827393,1.8269401788711548
1.72,0.4620310737541552,8.576170395772772,2.4141768544345483,0.0,1.0427350458458484,0.13707601471605235,0.6005592206313952,0.003086266189028186,-0.442175825214453,-0.13398974852702406,11.983743906021118,1.8684965372085571,0.0,0.0,11.983743906021118,1.8684965372085571
1.74,0.46952282327730444,8.590571348523737,1.0959624420116234,0.0,1.0445183981145334,0.13857607774967295,0.5957987842202185,0.00036468283294516235,-0.44871961389431503,-0.13821139491672785,12.00024127960205,1.8947404623031616,0.0,0.0,12.00024127960205,1.8947404623031616
1.76,0.47719481799922125,8.620589626666657,1.9380219006660178,0.0,1.0461587159566497,0.14050931030741287,0.5908276789567358,-0.0022791383496578166,-0.45533103699991395,-0.14278844865707052,12.036707401275635,1.935666799545288,0.0,0.0,12.036707401275635,1.935666799545288
1.78,0.4850478272185778,8.671440087701654,2.9010022026256075,0.0,1.047723563499357,0.14267097580440113,0.5856519401406479,-0.004845835359989947,-0.462071623358709,-0.1475168111643912,12.113937139511108,1.9079500436782837,0.0,0.0,12.113937139511108,1.9079500436782837
1.8,0.493079097234088,8.735006588015185,3.607710409114879,0.0,1.0492870456493133,0.14483889119014792,0.5802776991105181,-0.007336103432606739,-0.4690093465387952,-0.15217499462275486,12.210184335708618,1.8740540742874146,0.0,0.0,12.210184335708618,1.8740540742874146
1.82,0.5012956197564474,8.728891016498318,1.1103557981732657,0.0,1.050816458958412,0.14716029428951094,0.5747111764241625,-0.009750694267643162,-0.47610528253424933,-0.15691098855715424,12.197020649909973,1.902567744255066,0.0,0.0,12.197020649909973,1.902567744255066
1.84,0.5096890351355813,8.743122202424841,1.473098381174622,0.0,1.0523559317584343,0.14949548971116178,0.5689586749785727,-0.01209041522842283,-0.48339725677986145,-0.1615859049395847,12.222480177879333,1.8695855140686035,0.0,0.0,12.222480177879333,1.8695855140686035
1.86,0.5182590815601323,8.717224888693412,1.345169869087193,0.0,1.053886561072054,0.15192359907762132,0.5630265730768895,-0.014356128504964621,-0.4908599879951643,-0.16627972758258602,12.18471646308899,1.8742209672927856,0.0,0.0,12.18471646308899,1.8742209672927856
1.8800000000000001,0.5270002350346696,8.707523294937573,0.7201921618528521,0.0,1.0554214137400475,0.15441002176093477,0.5569213174500023,-0.016548750243933763,-0.4985000962900452,-0.17095877200486864,12.173434495925903,1.8572604656219482,0.0,0.0,12.173434495925903,1.8572604656219482
1.9000000000000001,0.5359170758947268,8.7008843865136,0.5670375598127714,0.0,1.0569448318613723,0.15703523053836888,0.5506494162403778,-0.01866924964559974,-0.5062954156209947,-0.17570448018396867,12.162185907363892,1.8686926364898682,0.0,0.0,12.162185907363892,1.8686926364898682
1.9200000000000002,0.5449919711027994,8.758667251837126,3.8341263174931934,0.0,1.0585492136273444,0.15950084850028512,0.5442174319557598,-0.020718648028386494,-0.5143317816715847,-0.18021949652867164,12.253614068031311,1.8103718757629395,0.0,0.0,12.253614068031311,1.8103718757629395
1.94,0.5542334229101262,8.712730869273571,2.6507259071188485,0.0,1.0601790133413829,0.16201602915345736,0.5376319744004003,-0.022698017861615072,-0.5225470389409823,-0.18471404701507232,12.183836102485657,1.8377965688705444,0.0,0.0,12.183836102485657,1.8377965688705444
1.96,0.5636365194401676,8.699274575857256,0.8044356471709698,0.0,1.0618427490549367,0.16456233496155503,0.5308996935914962,-0.024608481767062623,-0.5309430554634407,-0.18917081672861746,12.166871428489685,1.8226343393325806,0.0,0.0,12.166871428489685,1.8226343393325806
1.98,0.5732016111895353,8.707654798381531,0.4674412563541435,0.0,1.0635489280649653,0.1671371931951997,0.5240272726685131,-0.026451211489974452,-0.5395216553964524,-0.19358840468517435,12.1794593334198,1.8185913562774658,0.0,0.0,12.1794593334198,1.8185913562774658
2.0,0.5829276347955866,8.720754161800775,0.7659516395706008,0.0,1.0653131296515657,0.16971405293698316,0.517021420803073,-0.02822742684018889,-0.5482917088484927,-0.1979414797771719,12.19943642616272,1.8102091550827026,0.0,0.0,12.19943642616272,1.8102091550827026
2.02,0.5928127556533617,8.709952985465401,0.5931390713535313,0.0,1.0671387713077234,0.17229786928139612,0.5098888661170723,-0.02993839460404757,-0.557249905190651,-0.2022362638854438,12.18534231185913,1.8011093139648438,0.0,0.0,12.18534231185913,1.8011093139648438
2.04,0.6028320486797715,8.720267569424069,2.4675133048802627,1.0,1.069099445298252,0.17463299806656973,0.5026363486166765,-0.03158542742778467,-0.5664630966815754,-0.2062184254943542,12.20957100391388,1.735658049583435,0.0,0.0,12.20957100391388,1.735658049583435
2.06,0.6130005354521164,8.65407839023599,3.694879140723001,1.0,1.0711247609070798,0.17697686837323756,0.49527061314981247,-0.03316988267310304,-0.5758541477572674,-0.21014675104634062,12.110294699668884,1.7683064937591553,0.0,0.0,12.110294699668884,1.7683064937591553
2.08,0.623293508749072,8.655663971217805,2.333395935690478,1.0,1.073284585620426,0.17908412309611865,0.4877984023947389,-0.03469316124566112,-0.5854861832256875,-0.21377728434177978,12.12186872959137,1.7033308744430542,0.0,0.0,12.12186872959137,1.7033308744430542
2.1,0.6337905129843532,8.641358127292712,6.496637521887516,1.0,1.0753871732955647,0.1817288774789163,0.4802264498872338,-0.03615670639721329,-0.5951607234083309,-0.21788558387612955,12.075092792510986,1.8810302019119263,0.0,0.0,12.075092792510986,1.8810302019119263
2.12,0.6444697823929866,8.75836565293669,6.654347036236886,1.0,1.0775675162283687,0.1844942700695058,0.47256147309388646,-0.03756200250215719,-0.6050060431344821,-0.22205627257166283,12.252166271209717,1.81723952293396,0.0,0.0,12.252166271209717,1.81723952293396
2.14,0.6553461314959782,8.7210170645044,2.2105301101123134,1.0,1.0797812741281412,0.1875603711201661,0.4648101665389178,-0.03891057380926145,-0.6149711075892235,-0.22647094492942754,12.194976210594177,1.8425071239471436,0.0,0.0,12.194976210594177,1.8425071239471436
2.16,0.6663777232349645,8.718193449245414,3.8105779552042485,1.0,1.0821399958862488,0.1905193209178866,0.45697919499188655,-0.040203983169357,-0.6251608008943621,-0.23072330408724362,12.206650376319885,1.7353618144989014,0.0,0.0,12.206650376319885,1.7353618144989014
2.18,0.677548217865929,8.585727847722032,6.653774502355092,1.0,1.0846189859935418,0.1934086053616313,0.4490751867235604,-0.04144383073979335,-0.6355437992699815,-0.2348524361014248,12.023681402206421,1.6913104057312012,0.0,0.0,12.023681402206421,1.6913104057312012
2.2,0.6888898990560268,8.570727775648793,2.3823189534518776,1.0,1.0871497967331,0.1965231358149433,0.4411047268371483,-0.04263175266647119,-0.6460450698959517,-0.2391548884814143,11.99360728263855,1.7516088485717773,0.0,0.0,11.99360728263855,1.7516088485717773
2.22,0.7004841611054108,8.600708922630137,5.906056887622017,1.0,1.089579942017851,0.20052234946686642,0.4330743506819967,-0.04376941974427908,-0.6565055913358542,-0.24429176921114548,12.011106014251709,1.9177383184432983,0.0,0.0,12.011106014251709,1.9177383184432983
2.24,0.7123895093204209,8.738280159019368,7.302904093391259,1.0,1.0918833575450195,0.20564651253732302,0.42499053735675224,-0.04485853605677094,-0.6668928201882673,-0.25050504859409406,12.192005515098572,2.017444372177124,0.0,0.0,12.192005515098572,2.017444372177124
2.2600000000000002,0.7246476989826874,8.873249451828324,6.7730264948138394,1.0,1.0940843420522661,0.21193840751582504,0.41685970330888744,-0.04590083759593748,-0.6772246387433789,-0.2578392451117626,12.377628087997437,2.0648086071014404,0.0,0.0,12.377628087997437,2.0648086071014404
2.2800000000000002,0.7372874995034664,8.990107283485164,5.884840941571762,1.0,1.0962356537562803,0.21931864472732965,0.4086881960373681,-0.04689809086293113,-0.687547457718912,-0.2662167355902607,12.543907761573792,2.0723021030426025,0.0,0.0,12.543907761573792,2.0723021030426025
2.3000000000000003,0.7503277856713697,9.0805993256681,4.745762967072328,1.0,1.098400241306777,0.22765165856041936,0.40048228790512175,-0.047852091450621116,-0.6979179534016553,-0.27550375001104044,12.67674207687378,2.052992582321167,0.0,0.0,12.67674207687378,2.052992582321167
2.3200000000000003,0.763770078758249,9.110667412432282,2.6716668952945826,1.0,1.100642276289257,0.23675683128807057,0.39224817006783474,-0.0487646626088592,-0.7083941062214221,-0.2855214938969297,12.728570699691772,1.9980013370513916,0.0,0.0,12.728570699691772,1.9980013370513916
2.34,0.7775972805050937,9.088961139641112,3.1404383868520296,1.0,1.1030282164188465,0.24641027007495575,0.38399194652546975,-0.04963765379335355,-0.719036269893377,-0.29604792386830914,12.710888385772705,1.9109541177749634,0.0,0.0,12.710888385772705,1.9109541177749634
2.36,0.7917552206592142,9.06309505947601,5.027168799657996,1.0,1.1056743342394242,0.2561904865987219,0.37571962830275124,-0.05047293919905168,-0.7299547059366729,-0.3066634257977734,12.694386839866638,1.7697250843048096,0.0,0.0,12.694386839866638,1.7697250843048096
2.38,0.8061655152013327,8.948950371723503,7.813067890276557,1.0,1.108677517154499,0.26569055164809274,0.3674371277647186,-0.05127241627894602,-0.7412403893897803,-0.3169629679270387,12.55433440208435,1.5987849235534668,0.0,0.0,12.55433440208435,1.5987849235534668
2.4,0.8207934245401838,8.704993118202577,12.389726968177852,1.0,1.111999351138028,0.2749483583280332,0.35915025307328496,-0.05203800424922406,-0.7528490980647429,-0.32698636257725733,12.219597101211548,1.4950776100158691,0.0,0.0,12.219597101211548,1.4950776100158691
2.42,0.8355943583814097,8.514131901936462,10.008872999313354,1.0,1.115643862572517,0.28387471269648623,0.35086470279058335,-0.05277164258168974,-0.7647791597819333,-0.33664635527817577,11.961634755134583,1.378469467163086,0.0,0.0,11.961634755134583,1.378469467163086
2.44,0.8505348170999931,8.314802607830378,10.269149679882883,1.0,1.119596854161128,0.29244912688824876,0.3425860606347034,-0.05347528948439523,-0.7770107935264248,-0.34592441637264404,11.689311265945435,1.2774533033370972,0.0,0.0,11.689311265945435,1.2774533033370972
2.46,0.865565876541148,8.141707616306656,9.30322829780388,1.0,1.1238793905175006,0.30053193019241453,0.33431979039325654,-0.054150920371422974,-0.7895596001242442,-0.3546828505638375,11.455948948860168,1.1558717489242554,0.0,0.0,11.455948948860168,1.1558717489242554
2.48,0.8805269124606809,8.075131649062987,9.80944142621323,1.0,1.128708721852811,0.30727778267277284,0.3260712310000181,-0.05480052632277089,-0.8026374908527929,-0.3620783089955437,11.385419964790344,0.8875328302383423,0.0,0.0,11.385419964790344,0.8875328302383423
2.5,0.8952679676819778,7.848469593251397,14.354461269124204,1.0,1.1342199665337933,0.31204853176319514,0.31784559177971095,-0.05542611253529213,-0.8163743747540826,-0.3674746442984871,11.082221269607544,0.6175124645233154,0.0,0.0,11.082221269607544,0.6175124645233154
2.52,0.9096804120182477,7.5457629908868595,16.920416639529456,1.0,1.138948555256989,0.3178405408707512,0.3096479478658043,-0.056029696765653184,-0.8293006073911844,-0.3738702376364045,10.66440463066101,0.38412511348724365,0.0,0.0,10.66440463066101,0.38412511348724365
2.54,0.9235868206213754,9.213954511930167,85.89108524995045,1.0,1.14359037174993,0.3226862925511691,0.3014832357960002,-0.05661330776627162,-0.8421071359539298,-0.3792996003174407,13.029370307922363,-0.17153680324554443,0.0,0.0,13.029370307922363,-0.17153680324554443
2.56,0.9368006209589895,10.404792053430327,63.64716197778272,1.0,1.1487603418415082,0.3247624278587131,0.2933562492898822,-0.05717898371520563,-0.855404092551626,-0.3819414115739188,14.688904285430908,-0.8691871166229248,0.0,0.0,14.688904285430908,-0.8691871166229248
2.58,0.9492211333546822,10.953623704800393,33.088690946952745,1.0,1.1548376391706672,0.3228966682989727,0.2852716352129873,-0.05772877064096427,-0.8695660039576798,-0.38062543893993706,15.422749519348145,-1.4500144124031067,0.0,0.0,15.422749519348145,-1.4500144124031067
2.6,0.9609478447395415,11.040765983880693,14.484472017405405,1.0,1.1618147993896768,0.31715154755444974,0.27723388973135654,-0.05826472084321671,-0.8845809096583204,-0.3754162683976663,15.503826141357422,-1.8515944480895996,0.0,0.0,15.503826141357422,-1.8515944480895996
2.62,0.9720626735807766,11.153070418846319,10.596735543173951,1.0,1.1698472306775995,0.3070330663231329,0.26924735466039995,-0.05878889131037465,-0.9005998760171998,-0.36582195763350756,15.62917947769165,-2.1238428354263306,0.0,0.0,15.62917947769165,-2.1238428354263306
2.64,0.9827512177428428,10.686845827192297,23.915918672595442,1.0,1.1788660143862533,0.2926942712200029,0.26131621401169025,-0.05930334213503026,-0.9175498003745632,-0.3519976133550333,14.95520293712616,-2.181571125984192,0.0,0.0,14.95520293712616,-2.181571125984192
2.66,0.9931985509257281,10.33569663846364,23.38942766639596,1.0,1.188999745488621,0.2736261061662746,0.2534444907410802,-0.05981013492822658,-0.9355552547475408,-0.3334362410945011,14.39551055431366,-2.5342702865600586,0.0,0.0,14.39551055431366,-2.5342702865600586
2.68,1.0036864731445068,9.878238124757212,28.749292229444965,1.0,1.2003841255914338,0.24927328805555593,0.24563604370130399,-0.060311331233544346,-0.9547480818901297,-0.3095846192891001,13.666701316833496,-2.8949010372161865,0.0,0.0,13.666701316833496,-2.8949010372161865
2.7,1.0146580098876734,9.732483473538544,9.022659790952703,1.0,1.2130234034361962,0.21964532814248994,0.23789456480199875,-0.06080899094198301,-0.9751288386341974,-0.2804543190844728,13.49520206451416,-2.7059176564216614,0.0,0.0,13.49520206451416,-2.7059176564216614
2.72,1.0266112882263587,9.77707291860533,27.661678524576896,1.0,1.2267282565364699,0.18549264034270374,0.23022357637984397,-0.061305170708619156,-0.996504680156626,-0.24679781105132292,13.688973188400269,-1.9479021430015564,0.0,0.0,13.688973188400269,-1.9479021430015564
2.74,1.0397346924422173,9.412582661718327,73.27674044819234,1.0,1.2405150766891762,0.15021442399813312,0.2226264287812803,-0.06180192237201821,-1.017888647907896,-0.21201634637015143,13.311098217964172,0.08993864059448242,0.0,0.0,13.311098217964172,0.08993864059448242
2.7600000000000002,1.0537139162443567,9.890035660617109,83.22747652638202,1.0,1.2533862592525704,0.11738660382063548,0.21510629816003024,-0.06230129137738008,-1.03827996109254,-0.17968789519801565,13.7797212600708,2.3968505859375,0.0,0.0,13.7797212600708,2.3968505859375
2.7800000000000002,1.0678793735846452,11.225876786691252,92.66174392583721,1.0,1.2645558988846854,0.09000334992038805,0.20766618449140167,-0.06280531520439024,-1.056889714393284,-0.1528086651247782,15.193668007850647,4.603593349456787,0.0,0.0,15.193668007850647,4.603593349456787
2.8000000000000003,1.0815124379222962,13.02705447113087,97.43523972596532,1.0,1.2735701640307546,0.07002352056619543,0.2003089098051107,-0.0633160218007518,-1.0732612542256437,-0.13333954236694723,17.269704341888428,6.416043043136597,0.0,0.0,17.269704341888428,6.416043043136597
2.8200000000000003,1.0940882144874244,14.806914141272216,90.16505496843621,1.0,1.2802764393929085,0.0583925398736036,0.19303711663811463,-0.06383542802236392,-1.0872393227547938,-0.12222796789596746,19.47278380393982,7.700656056404114,0.0,0.0,19.47278380393982,7.700656056404114
2.84,1.1054603384714485,16.347638876480353,77.40706742313827,1.0,1.284865340039314,0.05486123159310541,0.18585326670869778,-0.06436553808111424,-1.0990120733306163,-0.11922676967421975,21.580705046653748,8.292391896247864,0.0,0.0,21.580705046653748,8.292391896247864
2.86,1.1160316960570082,17.250068426188104,61.17904718800123,1.0,1.2880994602342728,0.057124069394883126,0.1787596398128073,-0.06490834200124311,-1.1093398204214653,-0.12203241139612642,23.17487120628357,7.61938750743866,0.0,0.0,23.17487120628357,7.61938750743866
2.88,1.1267195377235582,17.399481223034993,70.64110627165087,1.0,1.2914304133069017,0.06035687521373445,0.17175833294338577,-0.06546581408523498,-1.1196720803635158,-0.12582268929896934,23.92145872116089,5.766082406044006,0.0,0.0,23.92145872116089,5.766082406044006
2.9,1.137838028592299,17.465023286884232,29.20967007711142,1.0,1.2953538207759667,0.06295364876083775,0.16485125963319203,-0.06603991139018774,-1.1305025611427748,-0.12899356015102548,24.1909658908844,4.985102415084839,0.0,0.0,24.1909658908844,4.985102415084839
2.92,1.14963726456962,17.457602981943225,24.46576997007802,1.0,1.3002786963878776,0.06358625184370759,0.1580401495213616,-0.06663257221559979,-1.142238546866516,-0.13021882405930718,24.310803413391113,4.303561449050903,0.0,0.0,24.310803413391113,4.303561449050903
2.94,1.1622793353648462,17.35945950600013,19.120285982589746,1.0,1.3064610450930934,0.06143041905621338,0.15132654814369806,-0.06724571460351478,-1.1551344969493953,-0.1286761336597282,24.259533882141113,3.765193819999695,0.0,0.0,24.259533882141113,3.765193819999695
2.96,1.1758185658408464,17.200065245844893,15.468655458660853,1.0,1.3139466907618225,0.05637297887924131,0.14471181694644206,-0.06788123485194822,-1.1692348738153804,-0.12425421373118972,24.09119725227356,3.3613544702529907,0.0,0.0,24.09119725227356,3.3613544702529907
2.98,1.1904271711000862,16.82722960580338,22.591559834658845,1.0,1.3229320320505114,0.04773482938507234,0.13819713352301,-0.06854100604252159,-1.1847348985275015,-0.11627583542759412,23.615669012069702,2.934533953666687,0.0,0.0,23.615669012069702,2.934533953666687
3.0,1.2061259834198719,16.322641413197797,25.609159546726296,1.0,1.3333298892831902,0.035778567235897896,0.13178349207295156,-0.06922687658321174,-1.2015463972102387,-0.1050054438191097,22.892104387283325,2.967962622642517,0.0,0.0,22.892104387283325,2.967962622642517
3.02,1.2228997252230003,15.795806674721517,28.16208087233173,1.0,1.3449855985059544,0.02099666821665913,0.12547170408211994,-0.06994066876712161,-1.2195138944238346,-0.0909373369837807,22.115893363952637,3.146788477897644,0.0,0.0,22.115893363952637,3.146788477897644
3.04,1.240855046487067,15.267085616782072,26.48787962595668,1.0,1.3579082438577492,0.0033274295862040226,0.11926239922280549,-0.07068417734816622,-1.2386458446349438,-0.07401160693437037,21.369088888168335,3.0870449542999268,0.0,0.0,21.369088888168335,3.0870449542999268
3.06,1.2600161678550894,14.63670247496237,32.72578269807071,1.0,1.3719911416546493,-0.01691656056794022,0.11315602647233944,-0.07145916813455477,-1.2588351151823098,-0.05454260756661444,20.450468063354492,3.2006990909576416,0.0,0.0,20.450468063354492,3.2006990909576416
3.08,1.2802674732390813,13.995177688391518,37.105583407727686,1.0,1.3869865572500544,-0.03894322969940722,0.1071528554484231,-0.07226737660094575,-1.2798337018016313,-0.0333241469015384,19.467718601226807,3.569023609161377,0.0,0.0,19.467718601226807,3.569023609161377
3.1,1.3013689552971874,13.457178520445114,37.18812712160452,1.0,1.40257175200502,-0.061682202744135495,0.10125297795920749,-0.07311050652013378,-1.3013187740458125,-0.011428303775998128,18.577836751937866,4.129804968833923,0.0,0.0,18.577836751937866,4.129804968833923
3.12,1.322992355844784,13.109849339466793,33.96237424627712,1.0,1.418410966819561,-0.08397767091811659,0.09545630976589761,-0.07399022861512121,-1.3229546570536634,0.009987442302995309,17.90409803390503,4.81451690196991,0.0,0.0,17.90409803390503,4.81451690196991
3.14,1.3449627615938085,12.98739584346427,19.502904918075444,1.0,1.4343809890207728,-0.10534167986918597,0.08976259255542815,-0.07490817923241094,-1.3446183964653446,0.03043350063677508,17.59436547756195,5.27097761631012,0.0,0.0,17.59436547756195,5.27097761631012
3.16,1.3671508108303247,12.801051854368762,17.47090650522145,1.0,1.4504205705304152,-0.12551002190770788,0.08417139612051347,-0.0758659590373465,-1.3662491744099017,0.04964406287036116,17.21827208995819,5.591508150100708,0.0,0.0,17.21827208995819,5.591508150100708
3.18,1.3894771310385132,12.65813398966541,13.865700116137187,1.0,1.4665182081660628,-0.1443758133202664,0.07868212074415545,-0.07686513173231399,-1.3878360874219073,0.06751068158795226,16.919850707054138,5.845969915390015,0.0,0.0,16.919850707054138,5.845969915390015
3.2,1.4119266403730273,12.521559371494234,10.948347918861542,1.0,1.4827139670989506,-0.16200355763601948,0.07329399978545453,-0.0779072227986018,-1.4094199673134962,0.08409633483741752,16.657131910324097,6.009896397590637,0.0,0.0,16.657131910324097,6.009896397590637
3.22,1.4345404747687862,12.343322365748696,10.692558952758649,1.0,1.4990849864701863,-0.17859091450642062,0.06800610246335229,-0.07899371826270565,-1.431078884006834,0.09959719624371477,16.362974643707275,6.080154180526733,0.0,0.0,16.362974643707275,6.080154180526733
3.24,1.4573820835767413,12.073449961532207,14.428666878020978,1.0,1.515714335973013,-0.19437512223842557,0.06281733683470855,-0.08012606348784787,-1.4528969991383045,0.11424905875057778,15.95487117767334,6.080992817878723,0.0,0.0,15.95487117767334,6.080992817878723
3.2600000000000002,1.480530097847744,11.717065063839256,18.4314182790717,1.0,1.5326861428285463,-0.2096149909761622,0.05772645296290502,-0.08130566199146905,-1.4749596898656412,0.12830932898469305,15.436680912971497,6.023961305618286,0.0,0.0,15.436680912971497,6.023961305618286
3.2800000000000002,1.504098481703189,11.30767399257748,20.741406869380427,1.0,1.5501025012485812,-0.22463933944793002,0.05273204627295153,-0.08253387428942852,-1.4973704549756297,0.14210546515850142,14.863265752792358,5.900026559829712,0.0,0.0,14.863265752792358,5.900026559829712
3.3000000000000003,1.5281072793643145,10.88072812555998,22.86037055754681,1.0,1.5679867759419563,-0.23951371974675428,0.04783256108886719,-0.08381201676764202,-1.520154214853089,0.15570170297911234,14.216797351837158,5.887542963027954,0.0,0.0,14.216797351837158,5.887542963027954
3.3200000000000003,1.5524952736810091,10.400365629971596,27.079739147149965,1.0,1.5862998577597658,-0.25410373295807265,0.04302629434889929,-0.08514136058186084,-1.5432735634108665,0.1689623723762117,13.453069925308228,5.945596694946289,0.0,0.0,13.453069925308228,5.945596694946289
3.3400000000000003,1.5771850503554141,9.918218683945446,27.732719075306527,1.0,1.6049930316296814,-0.26824089689755226,0.038311399493957926,-0.08652313058628872,-1.5666816321357235,0.18171776631126368,12.671676874160767,6.01421058177948,0.0,0.0,12.671676874160767,6.01421058177948
3.36,1.602110550967263,9.465646455737607,26.343496371116178,1.0,1.6240285677616448,-0.2817841643024952,0.03368589052443735,-0.08795850429170529,-1.5903426772372076,0.19382566001078994,11.928990483283997,6.074216961860657,0.0,0.0,11.928990483283997,6.074216961860657
3.38,1.6271044107433754,8.99702547183485,30.13530029775659,1.0,1.643297856982695,-0.2943580068234164,0.029147646220420112,-0.08944861085375813,-1.614150210762275,0.20490939596965818,11.091784238815308,6.234200596809387,0.0,0.0,11.091784238815308,6.234200596809387
3.4,1.6520034160003914,8.555986209298545,29.308790719139314,1.0,1.6626989287072291,-0.30560230716328407,0.024694414520070693,-0.09099453009205902,-1.6380045141871584,0.21460777707122514,10.277000069618225,6.3869452476501465,0.0,0.0,10.277000069618225,6.3869452476501465
3.42,1.6766915280780343,8.167986370092796,25.93732131473598,1.0,1.682164882191742,-0.31526016347956,0.020323817050855827,-0.09259729154070664,-1.6618410651408864,0.22266287193885326,9.551553726196289,6.496139168739319,0.0,0.0,9.551553726196289,6.496139168739319
3.44,1.701026230618276,7.795575141610168,26.593406917453677,1.0,1.7016089532174439,-0.3230047553174522,0.01603335380805486,-0.09425787353083837,-1.685575599409389,0.22874688178661362,8.810782432556152,6.626620292663574,0.0,0.0,8.810782432556152,6.626620292663574
3.46,1.7248812319352305,7.4643791915723074,24.681005195697097,1.0,1.7209532783088095,-0.32852847799879115,0.011820407974862251,-0.0959772023057929,-1.7091328703339472,0.23255127569299816,8.12237799167633,6.742469072341919,0.0,0.0,8.12237799167633,6.742469072341919
3.48,1.7482004149818988,7.168666956208189,20.850714967804034,1.0,1.740164342724701,-0.33165889244058677,0.007682250878228186,-0.09775615116944986,-1.732482091846473,0.23390274127113697,7.534067630767822,6.783612370491028,0.0,0.0,7.534067630767822,6.783612370491028
3.5,1.7710163510972696,6.8832858350293655,17.526863592324833,1.0,1.7592644753032083,-0.3323991313753605,0.0036160470744315137,-0.09959553966828791,-1.7556484282287768,0.23280359170707277,7.042375802993774,6.720430850982666,0.0,0.0,7.042375802993774,6.720430850982666
3.52,1.7935158806105982,6.579109876880643,16.044823555180127,1.0,1.7783783028445566,-0.33109155288865777,-0.0003811404417618236,-0.10149613280768888,-1.7787594432863183,0.2295954200809689,6.632812023162842,6.524965763092041,0.0,0.0,6.632812023162842,6.524965763092041
3.54,1.8161653845418986,6.2133955483307135,18.28854744310686,1.0,1.7978259064349462,-0.328746072365393,-0.004312344910646068,-0.10345864030298799,-1.8021382513455924,0.2252874320624052,6.270312070846558,6.15595281124115,0.0,0.0,6.270312070846558,6.15595281124115
3.56,1.8393721334817401,5.714891804506936,25.635223340735784,1.0,1.817895071872611,-0.3262486496264838,-0.00818069037023475,-0.10548371586575911,-1.8260757622428458,0.2207649337607247,5.879932641983032,5.544940829277039,0.0,0.0,5.879932641983032,5.544940829277039
3.58,1.8636060245744235,5.0934987211761,32.321699378991234,1.0,1.8389277763410812,-0.3246734824466784,-0.011989386114577859,-0.10757195652579152,-1.850917162455659,0.21710152592088683,5.4009246826171875,4.766284823417664,0.0,0.0,5.4009246826171875,4.766284823417664
3.6,1.889366336555077,4.325079018069456,39.616190478416264,1.0,1.8612960209819907,-0.32521048783283746,-0.015741721054382887,-0.1097239019892047,-1.8770377420363735,0.21548658584363256,4.748761057853699,3.855111598968506,0.0,0.0,4.748761057853699,3.855111598968506
3.62,1.9170800220231818,3.5165191559997804,43.9110676628003,1.0,1.8853264917031094,-0.3288648885082561,-0.019441057986705937,-0.1119400340331175,-1.9047675496898153,0.21692485447513876,4.121318459510803,2.7832621335983276,0.0,0.0,4.121318459510803,2.7832621335983276
3.64,1.947306945999843,2.694627669926009,45.840763480037644,1.0,1.9114362367298048,-0.3369524050699777,-0.02309082778057002,-0.11422077593727376,-1.9345270645103747,0.22273162913270372,3.411426544189453,1.6982948780059814,0.0,0.0,3.411426544189453,1.6982948780059814
3.66,1.9805846879075357,1.9315719172015757,43.12893890083954,1.0,1.9400074478392773,-0.3506584866071547,-0.026694523485465194,-0.11656649195299712,-1.9667019713247424,0.23409199465415753,2.6211798191070557,0.768997073173523,0.0,0.0,2.6211798191070557,0.768997073173523
3.68,2.0170253834919776,1.356789041692099,28.739824385255943,1.0,1.9710907546895182,-0.36998304150683126,-0.0302556943697671,-0.11897748680983222,-2.001346449059285,0.25100555469699914,1.8425029516220093,0.5356639623641968,0.0,0.0,1.8425029516220093,0.5356639623641968
3.7,2.053543328459869,3.1880612704005418,164.13943212782968,1.0,2.0024841673947176,-0.38730515209468575,-0.03377793989619469,-0.12145400526020297,-2.0362621072909124,0.26585114683448285,-0.6314146518707275,4.464166760444641,0.0,0.0,-0.6314146518707275,4.464166760444641
3.72,2.0888525067011154,4.567388874440783,89.95010520507498,1.0,2.0333183130261885,-0.3996589560298678,-0.03726490364148257,-0.12399623166239826,-2.070583216667671,0.27566272436746964,-2.7765822410583496,5.832038521766663,0.0,0.0,-2.7765822410583496,5.832038521766663
3.74,2.122937969627703,4.993290278495218,62.753044251230925,1.0,2.0636023389053735,-0.4071252201181865,-0.040720267167521904,-0.12660428960217124,-2.1043226060728952,0.28052093051601545,-4.506845474243164,5.436381101608276,0.0,0.0,-4.506845474243164,5.436381101608276
3.7600000000000002,2.156245223014577,5.17416048891572,56.843896695946405,1.0,2.09364438578827,-0.41077117614387326,-0.04414774385126145,-0.12927824155321652,-2.1377921296395317,0.2814929345906565,-5.792564153671265,4.471026062965393,0.0,0.0,-5.792564153671265,4.471026062965393
3.7800000000000002,2.1888919873813726,5.687766909725799,44.958003424866675,1.0,2.1235147144916597,-0.41080381308927016,-0.04755107268071733,-0.13201808857676572,-2.171065787172377,0.2787857245125043,-6.975724995136261,4.005077481269836,0.0,0.0,-6.975724995136261,4.005077481269836
3.8000000000000003,2.2207029127636977,6.480185397660113,42.31588535233094,1.0,2.153067021148285,-0.40667091926501175,-0.050934012024468005,-0.13482377006052065,-2.204001033172753,0.27184714920449116,-8.161368370056152,4.16865348815918,0.0,0.0,-8.161368370056152,4.16865348815918
3.8200000000000003,2.2517177935989383,7.024662626233832,31.488728277649184,1.0,2.1822905558122043,-0.3982603499348927,-0.0543003333820439,-0.13769516349711614,-2.236590889194248,0.2605651864377765,-9.049280881881714,4.099059104919434,0.0,0.0,-9.049280881881714,4.099059104919434
3.8400000000000003,2.2819374342828387,7.421471513333031,24.914663279618168,1.0,2.2111313141316398,-0.38527977232731336,-0.057653815122638785,-0.14063208430228474,-2.2687851292542787,0.24464768802502856,-9.732857942581177,3.9278435707092285,0.0,0.0,-9.732857942581177,3.9278435707092285
3.86,2.3113578603702596,7.769181662958989,21.065028641418007,1.0,2.239508770917321,-0.36733647343455456,-0.060998236219588636,-0.14363428567287104,-2.3005070071369094,0.22370218776168338,-10.312665104866028,3.7906867265701294,0.0,0.0,-10.312665104866028,3.7906867265701294
3.88,2.34053844182765,7.503175650562899,28.793917771104567,1.0,2.267754352582072,-0.34536800119621835,-0.06433736998805534,-0.14670145848481958,-2.3320917225701274,0.19866654271139872,-10.18205463886261,2.986813187599182,0.0,0.0,-10.18205463886261,2.986813187599182
3.9,2.370125885647978,7.24523155161687,35.32462777578219,1.0,2.2962904425273383,-0.3206085372842242,-0.06767497783335719,-0.14983323123123352,-2.3639654203606955,0.17077530605299085,-10.04992127418518,1.996457576751709,0.0,0.0,-10.04992127418518,1.996457576751709
3.92,2.4008057616847074,7.088159927029067,40.08237413660412,1.0,2.325616651767546,-0.2945423329006669,-0.07101480301737811,-0.15302917000058455,-2.396631454784924,0.14151316290008253,-9.986823201179504,0.8645141124725342,0.0,0.0,-9.986823201179504,0.8645141124725342
