scenario,controller,rmse_rad_mean,rmse_rad_std,rmse_rad_count,failure_penalized_rmse_rad_mean,failure_penalized_rmse_rad_std,failure_penalized_rmse_rad_count,itae_mean,itae_std,itae_count,peak_error_rad_mean,peak_error_rad_std,peak_error_rad_count,torque_rms_mean,torque_rms_std,torque_rms_count,torque_smoothness_mean,torque_smoothness_std,torque_smoothness_count,safety_violation_rate_mean,safety_violation_rate_std,safety_violation_rate_count,residual_gate_mean_mean,residual_gate_mean_std,residual_gate_mean_count,completed_mean,completed_std,completed_count,duration_s_mean,duration_s_std,duration_s_count,return_mean,return_std,return_count,rmse_rad_sem,rmse_rad_ci95,failure_penalized_rmse_rad_sem,failure_penalized_rmse_rad_ci95,itae_sem,itae_ci95,peak_error_rad_sem,peak_error_rad_ci95,torque_rms_sem,torque_rms_ci95,torque_smoothness_sem,torque_smoothness_ci95,safety_violation_rate_sem,safety_violation_rate_ci95,residual_gate_mean_sem,residual_gate_mean_ci95,completed_sem,completed_ci95,duration_s_sem,duration_s_ci95,return_sem,return_ci95
nominal,Adaptive computed torque,0.0076669692884356235,0.0019883936476557057,20,0.0076669692884356235,0.0019883936476557057,20,0.012684228931533573,0.0005555071278202464,20,0.048489611038258086,0.0134050030576934,20,16.13926533839644,0.007320929256201741,20,5.626982907989613,0.60449337523071,20,0.0,0.0,20,1.0,0.0,20,1.0,0.0,20,6.0,0.0,20,-325.620636391595,1.3624070285563863,20,0.0004446183362186923,0.0008714519389886369,0.0004446183362186923,0.0008714519389886369,0.00012421516997917353,0.00024346173315918011,0.0029974498075594977,0.0058750016228166155,0.0016370095475334065,0.0032085387131654767,0.13516882789641552,0.2649309026769744,0.0,0.0,0.0,0.0,0.0,0.0,0.0,0.0,0.30464347288755766,0.597101206859613
nominal,Computed torque,0.00766747219110019,0.001988238399562966,20,0.00766747219110019,0.001988238399562966,20,0.013002600969825412,0.000555507890315723,20,0.048489611038258086,0.0134050030576934,20,16.13911684817056,0.0073209307026418195,20,5.627086836874302,0.6044933750262736,20,0.0,0.0,20,1.0,0.0,20,1.0,0.0,20,6.0,0.0,20,-325.61225626944315,1.362406990468326,20,0.000444583621689818,0.0008713838985120432,0.000444583621689818,0.0008713838985120432,0.00012421534047834536,0.0002434620673375569,0.0029974498075594977,0.0058750016228166155,0.0016370098709672406,0.0032085393470957916,0.13516882785070217,0.2649309025873762,0.0,0.0,0.0,0.0,0.0,0.0,0.0,0.0,0.30464346437080847,0.5971011901667846
nominal,DDPG direct,0.7177011421817265,0.2511550157818094,20,1.5962997195332775,0.7113421275484568,20,3.045882763437364,2.531546185482311,20,2.065534030299389,0.8068145145162477,20,14.653818682861049,2.099698280943484,20,57.16268315759662,25.857910010241763,20,0.2752341629714927,0.2106602904790507,20,1.0,0.0,20,0.2,0.41039134083406165,20,3.055,1.9264789260803188,20,-1141.322708394283,500.1217153405605,20,0.05615996881781582,0.110073538882919,0.15906093524576753,0.31175943308170434,0.5660709358918738,1.1094990343480726,0.18040920996918208,0.3536020515395969,0.46950680884290813,0.9202333453320999,5.782004453897287,11.332728729638681,0.047105072967100904,0.09232594301551778,0.0,0.0,0.0917662935482247,0.1798619353545204,0.4307737835936385,0.8443166158435315,111.83061525252927,219.18800589495737
nominal,Eval-gated Fuzzy-TD3,0.029897012944897577,0.006042624995686138,20,0.029897012944897577,0.006042624995686138,20,0.33345664409594317,0.04057295341958662,20,0.06529008270209792,0.022808135741847476,20,15.994849036404943,0.023026926520799226,20,32.59617266585039,2.369499872582851,20,0.0,0.0,20,0.03441053625187877,0.013598863681293429,20,1.0,0.0,20,6.0,0.0,20,134.36134208658058,14.907442740355854,20,0.0013511720252893577,0.002648297169567141,0.0013511720252893577,0.002648297169567141,0.009072388189412821,0.01778188085124913,0.005100054195881355,0.009996106223927456,0.005148977301339979,0.010091995510626358,0.5298362787772345,1.0384791064033796,0.0,0.0,0.003040798360812514,0.005959964787192527,0.0,0.0,0.0,0.0,3.3334055338121438,6.533474846271802
nominal,Fuzzy,0.028444421589893472,0.0011551773662508266,20,0.028444421589893472,0.0011551773662508266,20,0.32028604710139824,0.0033292736047215205,20,0.05688875633273951,0.005150914312814684,20,15.991560057790029,0.011104741030345179,20,34.71740559626324,0.9196599060596291,20,0.0,0.0,20,1.0,0.0,20,1.0,0.0,20,6.0,0.0,20,129.41269077396876,3.5005308829471615,20,0.00025830551170060194,0.0005062788029331798,0.00025830551170060194,0.0005062788029331798,0.0007444482095853084,0.0014591184907872044,0.0011517794549730249,0.002257487731747129,0.0024830955816382873,0.004866867340011043,0.20564220661304014,0.40305872496155865,0.0,0.0,0.0,0.0,0.0,0.0,0.0,0.0,0.7827425011607212,1.5341753022750135
nominal,Fuzzy-SAC residual,0.2814269700820817,0.08351872318294375,20,0.2814269700820817,0.08351872318294375,20,5.651363623068619,1.759780782973455,20,0.448010347893387,0.12418193320026745,20,16.942611670278804,0.3072353764439784,20,120.05391856656168,79.64898055503006,20,0.028666666666666667,0.05882275885288217,20,1.0,0.0,20,1.0,0.0,20,6.0,0.0,20,-352.4720962905966,165.96424225518984,20,0.018675354243104982,0.03660369431648577,0.018675354243104982,0.03660369431648577,0.393498945622645,0.7712579334203842,0.0277679244213136,0.054425131865774655,0.06869991868214734,0.13465184061700877,17.810053485960616,34.90770483248281,0.013153168741912209,0.025780210734147928,0.0,0.0,0.0,0.0,0.0,0.0,37.11073275168475,72.7370361933021
nominal,Fuzzy-TD3 residual,0.11842106547246001,0.019882451387494383,20,0.11842106547246001,0.019882451387494383,20,2.0462067088833615,0.14254299156063838,20,0.23385912298814698,0.08686095113938255,20,16.343313414650947,0.26272253060160455,20,89.78690561687058,53.167184355817376,20,0.0,0.0,20,1.0,0.0,20,1.0,0.0,20,6.0,0.0,20,-29.218963024112213,38.67458531289612,20,0.004445851286177245,0.0087138685209074,0.004445851286177245,0.0087138685209074,0.031873581884576625,0.062472220493770186,0.01942269913379472,0.03806849030223765,0.05874654376459565,0.11514322577860747,11.8885438391871,23.301545924806717,0.0,0.0,0.0,0.0,0.0,0.0,0.0,0.0,8.64790017612507,16.949884345205138
nominal,Gated Fuzzy-TD3,0.0698387021833192,0.061519675832246316,20,0.0698387021833192,0.061519675832246316,20,0.950748077806393,0.702664314861325,20,0.13437893770686576,0.12623244181060034,20,15.921344062797232,0.2300486765986647,20,58.52786040273111,60.8453170205867,20,0.0,0.0,20,0.1505100195499389,0.10434081718493278,20,1.0,0.0,20,6.0,0.0,20,55.44126892747911,95.0909336309456,20,0.01375621771146537,0.026962186714472126,0.01375621771146537,0.026962186714472126,0.15712051733932383,0.3079562139850747,0.028226432085428896,0.05532380688744064,0.05144044790084794,0.10082327788566196,13.605426497055682,26.666635934229134,0.0,0.0,0.023331316005338793,0.045729379370464035,0.0,0.0,0.0,0.0,21.262979164271524,41.675439161972186
nominal,PID,0.039375540896131,0.0011865700380704932,20,0.039375540896131,0.0011865700380704932,20,0.5731712294940996,0.015513912437074832,20,0.07655193739614183,0.0012917232273841489,20,21.508454954614848,0.5421049807596563,20,1160.8700598496923,100.06823588531094,20,0.0,0.0,20,1.0,0.0,20,1.0,0.0,20,6.0,0.0,20,-1323.619429634577,93.85491369577458,20,0.0002653251265190136,0.0005200372479772666,0.0002653251265190136,0.0005200372479772666,0.0034690162806278752,0.006799271910030635,0.00028883809445463745,0.0005661226651310894,0.1212183587919807,0.23758798323228217,22.37593778280391,43.856838054295665,0.0,0.0,0.0,0.0,0.0,0.0,0.0,0.0,20.986596704612797,41.133729541041085
nominal,Robust PID / SMC,0.12656183518713154,0.0007848818680526499,20,0.12656183518713154,0.0007848818680526499,20,1.9731073064288662,0.004747600431284433,20,0.18847464054159957,0.00047213239173054107,20,28.550846264911065,0.02811939472541305,20,2345.762697879264,4.336383597035979,20,0.0,0.0,20,1.0,0.0,20,1.0,0.0,20,6.0,0.0,20,-2553.3916214559604,5.6788277860922065,20,0.00017550492112727457,0.00034398964540945814,0.00017550492112727457,0.00034398964540945814,0.001061595729435931,0.0020807276296944247,0.00010557201222890494,0.00020692114396865367,0.006287687809217261,0.012323868106065831,0.9696448499487506,1.900503905899551,0.0,0.0,0.0,0.0,0.0,0.0,0.0,0.0,1.2698244962216807,2.488856012594494
nominal,SAC direct,0.7608282657513157,0.12605350695281248,20,1.7376518643277457,0.619485366451173,20,3.505434384828134,4.126034184940641,20,2.1371916516767153,0.6838094282174183,20,15.71720444408796,2.1287969910667113,20,129.29418209469804,163.7176258489152,20,0.326712896412211,0.11015747655036895,20,1.0,0.0,20,0.2,0.41039134083406165,20,2.704,1.7698599409349645,20,-1254.4838728488962,371.46320792336843,20,0.028186421034873108,0.05524538522835129,0.13852113904511903,0.2715014325284333,0.9226092915015213,1.8083142113429818,0.152904436514941,0.29969269556928435,0.47601347823221785,0.932986417335147,36.608374051305105,71.752413140558,0.024631960579646398,0.04827864273610694,0.0,0.0,0.0917662935482247,0.1798619353545204,0.3957527138584343,0.7756753191625312,83.06169840567902,162.8009288751309
nominal,TD3 direct,0.750501850647501,0.1362488553899841,20,1.3963373734781859,0.6030490381766753,20,6.748326082499432,5.440086224345237,20,2.1896241861653203,0.562510113866011,20,15.538666075966844,2.4761518065233434,20,206.96280634638788,346.6158830845469,20,0.2960501071925537,0.0936546120236499,20,1.0,0.0,20,0.4,0.5026246899500346,20,3.9810000000000003,1.8290115248118957,20,-2052.951839520098,968.4440719170503,20,0.030466170250854307,0.05971369369167444,0.13484586431289117,0.2642978940532667,1.216440260109612,2.3842229098148398,0.12578108526355475,0.2465309271165673,0.5536843761995103,1.0852213773510402,77.50566766581663,151.9111086250006,0.02094180788912503,0.04104594346268506,0.0,0.0,0.11239029738980327,0.2202849828840144,0.4089794101109942,0.8015996438175487,216.55067772132196,424.439328333791
nominal,Tuned fuzzy,0.036258976590073114,0.000632597524489285,20,0.036258976590073114,0.000632597524489285,20,0.4761933039618051,0.0021484043005107313,20,0.0827688876968446,0.0021027903897540895,20,19.806166083061854,0.14961704984132856,20,1119.825403237001,45.61724738825562,20,0.0,0.0,20,1.0,0.0,20,1.0,0.0,20,6.0,0.0,20,-162.14684693767703,10.6025251056198,20,0.00014145310671561292,0.0002772480891626013,0.00014145310671561292,0.0002772480891626013,0.0004803978059094881,0.0009415796995825966,0.0004701982253923421,0.0009215885217689905,0.03345538940381848,0.06557256323148422,10.20032661065643,19.992640156886605,0.0,0.0,0.0,0.0,0.0,0.0,0.0,0.0,2.370796686931401,4.646761506385546
payload_2x,Adaptive computed torque,0.8917274597203366,0.005509907536236184,20,0.8917274597203366,0.005509907536236184,20,13.45033866962433,0.09410855284434753,20,1.9971996165377033,0.025083463922905617,20,20.387987755509148,0.02751622090782296,20,18.931671843027562,1.0140697159668741,20,0.3516666666666667,0.005014598571212781,20,1.0,0.0,20,1.0,0.0,20,6.0,0.0,20,-4225.65666511534,59.35228658700125,20,0.0012320527800762492,0.0024148234489494483,0.0012320527800762492,0.0024148234489494483,0.021043312142409225,0.04124489179912208,0.00560883304427805,0.010993312766784977,0.006152814043379311,0.01205951552502345,0.22675288188258344,0.44443564848986356,0.0011212983285105098,0.0021977447238805993,0.0,0.0,0.0,0.0,0.0,0.0,13.271574742858379,26.01228649600242
payload_2x,Computed torque,0.8074179330904141,0.010766293108277406,20,0.8074179330904141,0.010766293108277406,20,10.713689970679667,0.6089311978720839,20,1.9927573273073118,0.027136715400519523,20,20.211794542110475,0.018791246470635327,20,16.809454070657264,1.0092961963972344,20,0.26949999999999996,0.02518411733775619,20,1.0,0.0,20,1.0,0.0,20,6.0,0.0,20,-3505.13299983381,96.23058512422276,20,0.0024074163255795784,0.0047185359981359734,0.0024074163255795784,0.0047185359981359734,0.13616115520623548,0.26687586420422155,0.006067954032162708,0.011893189903038908,0.00420185044902936,0.008235626880097545,0.22568549045761943,0.4423435612969341,0.005631339832055387,0.01103742607082856,0.0,0.0,0.0,0.0,0.0,0.0,21.51781298523421,42.174913451059055
payload_2x,DDPG direct,0.7884131289767143,0.15840146105208408,20,1.8327627443608026,0.3359458369770549,20,3.0522436101967867,2.4520960674521173,20,2.472194351514269,0.04310046364856612,20,15.506757951060973,2.551874710307939,20,60.528519017202896,21.826740023440234,20,0.35579107013993505,0.1901975919035392,20,1.0,0.0,20,0.0,0.0,20,2.635,1.347510374923442,20,-1305.1619473933702,386.99133054069796,20,0.03541964346477453,0.06942250119095808,0.07511977282387572,0.1472347547347964,0.5483053494182843,1.0746784848598374,0.009637556657995245,0.01888961104967068,0.5706165322311134,1.1184084031729822,4.880607441962772,9.565990586247032,0.04252947446530772,0.08335776995200313,0.0,0.0,0.0,0.0,0.30131247987150445,0.5905724605481487,86.5338921792091,169.60642867124983
payload_2x,Eval-gated Fuzzy-TD3,0.4378407292805494,0.007268077623650971,20,0.4378407292805494,0.007268077623650971,20,6.321221802762708,0.33989230414764376,20,1.0842743542814997,0.015066863827773138,20,18.942320013073477,0.19810091064023402,20,99.22544079033727,45.071441313732606,20,0.19833333333333333,0.00688247201611685,20,0.5463564345924563,0.015666297229898655,20,1.0,0.0,20,6.0,0.0,20,-977.148952140846,46.79009478778142,20,0.0016251915632228703,0.003185375463916826,0.0016251915632228703,0.003185375463916826,0.07600222971031652,0.14896437023222037,0.003369053172663342,0.00660334421842015,0.04429671025961746,0.08682155210885023,10.078280662139854,19.753430097794112,0.0015389675281277304,0.0030163763551303516,0.003503090556177004,0.006866057490106928,0.0,0.0,0.0,0.0,10.462583261913785,20.50666319335102
payload_2x,Fuzzy,0.5192805936723294,0.0010038076457948124,20,0.5192805936723294,0.0010038076457948124,20,8.206505484163864,0.014558827467202547,20,1.1648054958666538,0.0024312160453801436,20,16.995058540259603,0.014723592710716151,20,29.945073210778027,0.9463542163282169,20,0.25816666666666666,0.0017013926184468082,20,1.0,0.0,20,1.0,0.0,20,6.0,0.0,20,-1294.4385383789188,6.2022286364837775,20,0.00022445821323312313,0.00043993809793692134,0.00022445821323312313,0.00043993809793692134,0.0032554527889355985,0.006380687466313773,0.0005436364345458214,0.00106552741170981,0.003292295417418171,0.006452899018139615,0.21161123585034344,0.41475802226667313,0.0003804429551263426,0.0007456681920476315,0.0,0.0,0.0,0.0,0.0,0.0,1.3868604843173558,2.7182465492620174
payload_2x,Fuzzy-SAC residual,0.38390400420755216,0.01336068338875516,20,0.38390400420755216,0.01336068338875516,20,5.897468022346251,0.22466313210842875,20,0.9224234439518074,0.023461886496589566,20,19.889043952088016,0.17971617456932035,20,40.65416088909127,26.5712337297696,20,0.17216666666666666,0.00956816114006966,20,1.0,0.0,20,1.0,0.0,20,6.0,0.0,20,-797.7944342314021,60.23464201450198,20,0.0029875396283108786,0.005855577671489322,0.0029875396283108786,0.005855577671489322,0.05023620354324623,0.09846295894476262,0.005246237308675865,0.010282625125004696,0.04018575829932192,0.07876408626667097,5.94150848658001,11.645356633696819,0.0021395058728867645,0.004193431510858058,0.0,0.0,0.0,0.0,0.0,0.0,13.468875414479129,26.39899581237909
payload_2x,Fuzzy-TD3 residual,0.39361513987380636,0.024939382175777295,20,0.39361513987380636,0.024939382175777295,20,6.059752842503256,0.4476612254704251,20,0.9609298092684858,0.0509313579901259,20,19.341365114315483,0.26719795120946604,20,52.29210510126012,46.82287985780076,20,0.17533333333333334,0.00993546427160792,20,1.0,0.0,20,1.0,0.0,20,6.0,0.0,20,-817.0379786315045,113.4880236581088,20,0.005576615386188464,0.01093016615692939,0.005576615386188464,0.01093016615692939,0.10010009310427308,0.19619618248437523,0.011388597865229857,0.02232165181585052,0.05974727823530382,0.11710466534119549,10.469914226434817,20.521031883812242,0.002221637349933574,0.004354409205869806,0.0,0.0,0.0,0.0,0.0,0.0,25.376693553163562,49.738319364200585
payload_2x,Gated Fuzzy-TD3,0.47330824475324523,0.06203250765356918,20,0.47330824475324523,0.06203250765356918,20,7.10232194784386,1.089604127167734,20,1.231002047222161,0.22629937697828245,20,18.5012882948025,0.4363873482670591,20,117.38394327487842,74.91740256333357,20,0.19883333333333333,0.007514119263366368,20,0.503285486158187,0.09848827221047285,20,1.0,0.0,20,6.0,0.0,20,-1151.7452367668516,306.83872951643065,20,0.013870890392815666,0.027186945169918705,0.013870890392815666,0.027186945169918705,0.24364288969113784,0.47754006379463015,0.05060207901892905,0.09918007487710093,0.09757917752460192,0.19125518794821977,16.752040482933083,32.83399934654884,0.0016802081463927845,0.0032932079669298576,0.022022647164912076,0.04316438844322767,0.0,0.0,0.0,0.0,68.611225732841,134.47800243636837
payload_2x,PID,0.4190230755049192,0.00679371727067061,20,0.4190230755049192,0.00679371727067061,20,5.932664485502491,0.08774992210978191,20,1.047020474932677,0.01610062297371388,20,20.649760824817953,0.5037607290912169,20,278.09049764477817,94.22547598062098,20,0.18733333333333332,0.002981423969999723,20,1.0,0.0,20,1.0,0.0,20,6.0,0.0,20,-1800.1663864402235,75.64584375408798,20,0.0015191213637133823,0.0029774778728782294,0.0015191213637133823,0.0029774778728782294,0.019621479085778413,0.03845809900812569,0.003600208744931904,0.007056409140066532,0.11264432346428169,0.2207828739899921,21.069456950494217,41.29613562296866,0.0006666666666666674,0.001306666666666668,0.0,0.0,0.0,0.0,0.0,0.0,16.91492488494686,33.15325277449585
payload_2x,Robust PID / SMC,0.4215337288677456,0.010549584548508777,20,0.4215337288677456,0.010549584548508777,20,6.08325043973074,0.09768566799369978,20,1.0144857894802224,0.02792941255877073,20,26.30749443548057,0.03313681113751303,20,1503.9445702419403,4.692993350333321,20,0.19033333333333333,0.004312364922878186,20,1.0,0.0,20,1.0,0.0,20,6.0,0.0,20,-2686.983729221954,39.825855360295,20,0.0023589588184847053,0.0046235592842300225,0.0023589588184847053,0.0046235592842300225,0.021843179406138818,0.042812631636032085,0.006245206505304768,0.012240604750397345,0.007409616226105127,0.014522847803166048,1.0493852149299792,2.0567950212627593,0.0009642741111341262,0.0018899772578228873,0.0,0.0,0.0,0.0,0.0,0.0,8.9053319847694,17.454450690148025
payload_2x,SAC direct,0.7591560737710104,0.13350852744150843,20,1.8808836896800507,0.3360323024815066,20,2.268812943766503,1.663262149914189,20,2.4730840413478257,0.04010662493294801,20,15.93665034113524,2.286834752254445,20,43.55599265026983,20.256247756029875,20,0.25690499017515106,0.12378125323511235,20,1.0,0.0,20,0.0,0.0,20,2.415,1.2115561980579488,20,-1163.3279288988508,185.29460068805867,20,0.02985341429351089,0.058512692015281344,0.075139107098442,0.1472726499129463,0.3719167231610573,0.7289567773956722,0.008968113969815969,0.0175775033808393,0.5113517959349829,1.0022495200325665,4.529434695156038,8.877692002505833,0.0276783296573827,0.05424952612847009,0.0,0.0,0.0,0.0,0.2709122017418772,0.5309879154140793,41.43313230021785,81.20893930842698
payload_2x,TD3 direct,0.7601323794311359,0.1214593223034723,20,1.5578383887598508,0.5140906873982163,20,5.3155800882571445,4.243732503384383,20,2.161659606525081,0.5906379369510569,20,16.22135746222388,2.6062937611261674,20,121.22192397484284,177.8986068399671,20,0.29216734580334236,0.11994132175651245,20,1.0,0.0,20,0.2,0.41039134083406165,20,3.5460000000000003,1.5380383952499876,20,-1833.9014824065391,750.7739037065072,20,0.027159130117162037,0.05323189502963759,0.11495417236220061,0.2253101778299132,0.9489274355892836,1.8598977737549958,0.13207065771127982,0.25885848911410847,0.5827850019211709,1.142258603765495,39.779337799667545,77.9675020873484,0.026819694875873632,0.05256660195671232,0.0,0.0,0.0917662935482247,0.1798619353545204,0.3439158403783662,0.6740750471415977,167.87814844206315,329.04117094644374
payload_2x,Tuned fuzzy,0.441625889149545,0.004012315098354216,20,0.441625889149545,0.004012315098354216,20,6.775817556306106,0.05314836385954762,20,1.0441553221565738,0.008244514526304437,20,20.129205873482267,0.14330125722101847,20,481.76976679902646,44.84379210862849,20,0.21066666666666664,0.0020519567041703164,20,1.0,0.0,20,1.0,0.0,20,6.0,0.0,20,-1065.4578315977456,18.002545628854815,20,0.0008971809307068781,0.0017584746241854812,0.0008971809307068781,0.0017584746241854812,0.011884335448284156,0.023293297478636944,0.00184352949223012,0.003613317804771035,0.032043135240737985,0.06280454507184645,10.027376752376194,19.653658434657338,0.00045883146774112533,0.0008993096767726057,0.0,0.0,0.0,0.0,0.0,0.0,4.025491579416107,7.889963495655569
severe_shift,Adaptive computed torque,0.6353532351275601,0.03207454309017466,20,1.7014839355068374,0.001252135832312109,20,2.171709212004049,0.20745414362152084,20,2.4104645975904226,0.011033339958071136,20,17.229228717223798,0.057431411223872214,20,20.19694258032654,1.1020279062542626,20,0.11955570231693077,0.009718555544932722,20,1.0,0.0,20,0.0,0.0,20,3.21,0.025546654946340248,20,-1245.1568324017062,80.77033889649114,20,0.007172085869687671,0.014057288304587835,0.0002799860838113153,0.0005487727242701779,0.0463881567351725,0.0909207872009381,0.002467129816511174,0.004835574440361901,0.012842053954032265,0.02517042574990324,0.24642093114862967,0.48298502505131413,0.002173135084157708,0.0042593447649491075,0.0,0.0,0.0,0.0,0.0057124057057748034,0.011196315183318614,18.060796833824952,35.39916179429691
severe_shift,Computed torque,0.8306065921337403,0.19003040237993604,20,1.6935054790604407,0.005103805105457182,20,4.097253646594786,1.8289092098842825,20,2.4151990647635064,0.007375450096084081,20,18.18631606802101,0.8792972922158092,20,22.04348299750821,2.392184929670952,20,0.17884354835820446,0.05717728383468308,20,1.0,0.0,20,0.0,0.0,20,3.4590000000000005,0.2282634673492799,20,-2061.898870002048,776.5023053941176,20,0.04249208975131748,0.08328449591258226,0.001141245515971274,0.002236841211303697,0.40895653179766855,0.8015548023234303,0.001649200777950136,0.0032324335247822665,0.1966168517826046,0.385369029493905,0.5349088117494802,1.0484212710289813,0.012785229342315121,0.025059049510937636,0.0,0.0,0.0,0.0,0.05104126297727936,0.10004087543546754,173.63119395465483,340.31714015112345
severe_shift,DDPG direct,0.8037966398683952,0.14958274681471773,20,1.8825484616177248,0.2786772795555661,20,2.668154025735009,1.9548996807618804,20,2.4615333764857756,0.04153831946887859,20,15.302855215234848,2.4144742183993007,20,62.915505689727226,19.568638636417102,20,0.33913578682024303,0.19240873781341528,20,1.0,0.0,20,0.0,0.0,20,2.476,1.1595933951628319,20,-1299.848395766154,392.20782852832554,20,0.033447719013884894,0.06555752926721439,0.06231413408709582,0.1221357028107078,0.4371288575376202,0.8567725607737356,0.00928825060035155,0.018204971176689035,0.5398928482261509,1.0581899825232557,4.375680621815743,8.576334018758857,0.043023901721573075,0.08432684737428323,0.0,0.0,0.0,0.0,0.25929296578438676,0.5082142129373981,87.70033658969172,171.89265971579576
severe_shift,Eval-gated Fuzzy-TD3,0.7261615681802863,0.020564771557517198,20,0.7261615681802863,0.020564771557517198,20,10.64295349828669,0.48713334307976497,20,1.7587858804060925,0.04656801555137337,20,17.4068820235418,0.29968102321096823,20,80.12199830707941,42.78125531931735,20,0.27549999999999997,0.008040467822646731,20,0.5673519842948502,0.012784098838756483,20,1.0,0.0,20,6.0,0.0,20,-2288.621436377326,135.94042167101503,20,0.0045984227144362675,0.009012908520295085,0.0045984227144362675,0.009012908520295085,0.10892632692330811,0.2134956007696839,0.010412924835013819,0.020409332676627086,0.06701071394664172,0.13134099933541776,9.566179505676807,18.749711831126543,0.0017979032622337813,0.003523890393978211,0.002858611403453562,0.005602878350768981,0.0,0.0,0.0,0.0,30.397202374637516,59.57851665428953
severe_shift,Fuzzy,0.8892195184917874,0.0007350724751711441,20,0.8892195184917874,0.0007350724751711441,20,13.571935361594367,0.0043537682297024845,20,2.022115374807455,0.0018418487978001505,20,13.520223379084651,0.01352226030990445,20,35.42162914944439,0.9558975924348296,20,0.33,0.0,20,1.0,0.0,20,1.0,0.0,20,6.0,0.0,20,-3145.078916165482,5.643472423746938,20,0.00016436720228717045,0.0003221597164828541,0.00016436720228717045,0.0003221597164828541,0.0009735321719893673,0.0019081230570991599,0.00041184991161574014,0.0008072258267668507,0.0030236693262393724,0.00592639187942917,0.21374519962126676,0.41894059125768285,0.0,0.0,0.0,0.0,0.0,0.0,0.0,0.0,1.261918796864365,2.4733608418541553
severe_shift,Fuzzy-SAC residual,0.6804256396175542,0.020968921821349004,20,0.6804256396175542,0.020968921821349004,20,10.074068947959256,0.3991740891257186,20,1.6522461919595806,0.04937748580825424,20,18.711524001592746,0.3460120863524988,20,45.17411819366835,28.516659525875564,20,0.2658333333333333,0.00990451488992159,20,1.0,0.0,20,1.0,0.0,20,6.0,0.0,20,-2132.110608391832,119.47279570231149,20,0.004688793460741508,0.009190035183053355,0.004688793460741508,0.009190035183053355,0.08925803981416663,0.1749457580357666,0.011041141482528763,0.021640637305756376,0.07737065461207146,0.15164648303966005,6.376518919107468,12.497977081450637,0.002214716857802352,0.004340845041292609,0.0,0.0,0.0,0.0,0.0,0.0,26.71492926523132,52.36126135985339
severe_shift,Fuzzy-TD3 residual,0.7065441078868145,0.039293968800705834,20,0.7065441078868145,0.039293968800705834,20,10.608613502553364,0.6982472993055304,20,1.7103371090972597,0.09052000952183278,20,17.789513396879737,0.6794616027624837,20,69.27597342687346,41.29274068599585,20,0.27166666666666667,0.008950807732508153,20,1.0,0.0,20,1.0,0.0,20,6.0,0.0,20,-2227.2363974684513,229.7038275883497,20,0.008786398534413412,0.017221341127450288,0.008786398534413412,0.017221341127450288,0.15613284263528077,0.3060203715651503,0.020240889461474634,0.039672143344490284,0.15193223318778723,0.29778717704806296,9.233337515115801,18.09734152962697,0.0020014614543418983,0.00392286445051012,0.0,0.0,0.0,0.0,0.0,0.0,51.36333731794415,100.67214114317053
severe_shift,Gated Fuzzy-TD3,0.8103481279708596,0.06271595395502268,20,0.8103481279708596,0.06271595395502268,20,11.96498269600797,1.0980085328750564,20,1.9699923363549066,0.1306702521230389,20,16.375653019508366,1.2318981758780678,20,88.41195428858241,63.04652827622673,20,0.28700000000000003,0.024034575484361043,20,0.5677120125002316,0.08354873132824216,20,1.0,0.0,20,6.0,0.0,20,-2808.4700531710887,382.31850972494414,20,0.01402371363171775,0.027486478718166788,0.01402371363171775,0.027486478718166788,0.24552217193834386,0.481223456999154,0.029218756638415118,0.05726876301129363,0.2754608062621351,0.5399031802737848,14.09763229710056,27.631359302317097,0.005374294459338122,0.01053361714030272,0.018682064268381576,0.036616845966027885,0.0,0.0,0.0,0.0,85.48901768013894,167.55847465307232
severe_shift,PID,0.6739176114326746,0.00854451685227934,20,0.6739176114326746,0.00854451685227934,20,9.794235371206275,0.1533233603257012,20,1.6901134067222874,0.015697856779405692,20,20.175267616131713,0.5080998807594261,20,277.78013403188413,93.65469579539605,20,0.27283333333333337,0.006331486341945755,20,1.0,0.0,20,1.0,0.0,20,6.0,0.0,20,-2882.7360179405814,81.84238076545884,20,0.0019106120516589132,0.0037447996212514696,0.0019106120516589132,0.0037447996212514696,0.034284145622696216,0.06719692542048458,0.003510147485980705,0.006879889072522181,0.11361458727376142,0.22268459105657237,20.94182662105693,41.04598017727158,0.0014157633859202185,0.0027748962364036282,0.0,0.0,0.0,0.0,0.0,0.0,18.300512683198722,35.86900485906949
severe_shift,Robust PID / SMC,0.6756576695257194,0.009348260569612726,20,0.6756576695257194,0.009348260569612726,20,10.035134670670455,0.15733408454700332,20,1.6626697048843628,0.018937908368563988,20,25.14327347343163,0.033504495971096046,20,1240.3244165657577,6.697213925101814,20,0.2788333333333334,0.008602665165703965,20,1.0,0.0,20,1.0,0.0,20,6.0,0.0,20,-3651.6881330180067,40.68518025017438,20,0.002090334610503496,0.004097055836586852,0.002090334610503496,0.004097055836586852,0.03518097082247986,0.06895470281206052,0.004234645046377121,0.008299904290899158,0.007491833054323859,0.014683992786474762,1.497542559638584,2.9351834168916247,0.0019236144098183558,0.0037702842432439775,0.0,0.0,0.0,0.0,0.0,0.0,9.097482871622182,17.831066428379476
severe_shift,SAC direct,0.7644810635499831,0.12534171961384136,20,1.9315637327775133,0.24198559549093343,20,1.9881484022040297,1.1783650236634065,20,2.4640750532454154,0.03925589812567117,20,15.742025375061932,2.1295641171884783,20,44.887794539647466,18.65788187765715,20,0.2545604902494662,0.12737675194068995,20,1.0,0.0,20,0.0,0.0,20,2.2640000000000002,0.9414568777334302,20,-1130.4567034330582,135.0615561913414,20,0.028027260547326797,0.05493343067276052,0.05410962410934937,0.10605486325432477,0.2634904295219525,0.5164412418630269,0.008777885672680731,0.017204655918454232,0.47618501284777653,0.933322625181642,4.17202921946028,8.177177270142149,0.0284823076092511,0.055825322914132156,0.0,0.0,0.0,0.0,0.2105161576496658,0.41261166899334495,30.200682079074692,59.19333687498639
severe_shift,TD3 direct,0.7393968499661923,0.14607329013704304,20,1.7097446001075647,0.277898068534246,20,3.6319396097514756,1.888137048465246,20,2.4496864718602156,0.03533281770699736,20,15.889889088127557,1.9789378817397119,20,36.87799535953789,8.655428246710278,20,0.2193164597998983,0.10645200237303266,20,1.0,0.0,20,0.0,0.0,20,3.166,1.0241730939229898,20,-1500.5925045173242,360.04322366576974,20,0.03266298064434778,0.06401944206292165,0.06213989720584693,0.12179419852345998,0.42220027912041047,0.8275125470760045,0.007900658222945434,0.015485290116973052,0.44250396268194353,0.8673077668566093,1.9354125934016,3.793408683067136,0.023803391364706994,0.04665464707482571,0.0,0.0,0.0,0.0,0.22901206587380818,0.448863649112664,80.5081122954822,157.79590009914511
severe_shift,Tuned fuzzy,0.8033127540300503,0.004677378919354466,20,0.8033127540300503,0.004677378919354466,20,12.374733483195651,0.048907302508101,20,1.8356363186744737,0.009716255026183583,20,16.851992278703843,0.14403984720352872,20,461.692869152332,45.37177233411747,20,0.32066666666666666,0.0020519567041702943,20,1.0,0.0,20,1.0,0.0,20,6.0,0.0,20,-2768.0019613860622,27.506885271965803,20,0.0010458937220201093,0.0020499516951594144,0.0010458937220201093,0.0020499516951594144,0.010936005300425978,0.021434570388834916,0.002172620672527049,0.004258336518153016,0.03220828898157732,0.06312824640389154,10.145436719873096,19.885055970951267,0.0004588314677411204,0.0008993096767725959,0.0,0.0,0.0,0.0,0.0,0.0,6.150726531740332,12.055424002211051
